title,descriptions,row_dict,info,url
اموزش تخصصی فارکس,[],{},"آموزش تضمینی
☄️گارانتی بازگشت وجه☄️
✌️لایو ترید داریم حتما در کانال عضو شو از دست نده لایوها رو✌️
شما زیر نظر یک ❗️تریدر❗️ آموزش میبینید
یکبار برای همیشه ترید رو اصولی یاد بگیرید..اینجا شما یک بیزینس بین المللی دارید(کازینو نیست)..ترید ابتدا شخصیت شما رو میسازه بعدش بهتون پول میده(دیسیپلین و...) و مارکت دوست داره به شما پول بده و باید به خودتون داخل مارکت وقت بدید راه میانبری وجود نداره و ارزش همه ی سختی ها رو داره.... ....
دوره ی آموزشی ما شامل: 
Mindset✅
 Psychological✅ Analysis✅
 Risk management✅ Leverage✅
Strategy 
شما در بخش انالیز با مواردی اشنا میشید که در هیچ دوره ی آموزشی به شما گفته نشده...با دیدگاه موسسات مالی اشنا میشوید. دوره ی اموزشی شما 6 ماه میباشد. 3 ماه اول مباحث اموزش داده میشود 3 ماه بعدی از شما رفع اشکال میشه که چه ترید هایی در هفته از دست دادید و یا اشتباه انجام دادید",https://divar.ir/v/%D8%A7%D9%85%D9%88%D8%B2%D8%B4-%D8%AA%D8%AE%D8%B5%D8%B5%DB%8C-%D9%81%D8%A7%D8%B1%DA%A9%D8%B3/AZNil5BX
لباس عروس عربی برند مزون هستی,"['در حد نو', '۱۹,۶۰۰,۰۰۰ تومان']","{'زنانه/مردانه': 'زنانه', 'وضعیت': 'در حد نو', 'نوع لباس': 'لباس عروس', 'قیمت': '۱۹٬۶۰۰٬۰۰۰ تومان'}","-مناسب سایز ۴۲ تا ۴۸
-یکبار پوشیده شده، درحد نو
 -لباس دنباله دار
-بالاتنه کار شده و سنگدوزی شده
-پایین تنه پارچه شاین
که مثل الماس بدرخشی پرنسسی
-پشت لباس بندی هست و سایزش با بند قابل تنظیم هست
-بالاتنه کاپ دوزی شده
-دوخت باکیفیت و تمیز مزون هستی
هر سوالی داشتید درخدمت هستیم",https://divar.ir/v/%D9%84%D8%A8%D8%A7%D8%B3-%D8%B9%D8%B1%D9%88%D8%B3-%D8%B9%D8%B1%D8%A8%DB%8C-%D8%A8%D8%B1%D9%86%D8%AF-%D9%85%D8%B2%D9%88%D9%86-%D9%87%D8%B3%D8%AA%DB%8C/QZ_iNTuz
تشریفات در عمارت مجلل اختصاصی بی واسطه,[],{},"مژده مژده افر بسیارسیار ویژه
ضمن عرض سلام و ادب به عروس و دامادهای عزیزمان به استحضار میرسانیم برای مدتی بسیار محدود در عمارتی بسیار زیبا و مجلل که دارای دو سالن لاکچری به همراه فضای باز بسیار زیبا و دیزاین های روز خاص و بسیار شیک به همراه تخفیفات بی نظیر دو هدیه ویژه ؟ به عروس و دامادهای خود تقدیم میدارد. این افر بسیار ویژه برای مدتی بسیار محدود میباشد .
منوها شامل : 
منوی غذایی : باقالی پلو با ماهیچه و گوشت گوسفندی ، شیرین پلو ، مرصع پلو ، پلو یونانی ، آلبالو پلو ، فسنجان ، ته چین ، کوفته و دلمه ، خوراک زبان ، خوراک بیف ، جوجه کباب، کوبیده ، بره و ...... به همراه ۵ مدل سالاد ، ۵ مدل دسر ، ۵ مدل نوشیدنی میباشد.
پذیرایی عصرانه شامل ۵ مدل آب میوه طبیعی ، ۵ مدل شیرنی تر ، ۵ مدل میوه ، ۵ مدل فینگر فود ، جوجه باسس مخصوص و... میباشد
خدمات دیگر شامل گل ارایی کل مجموعه شمع ارایی سفره عقد مجلل ، سفره خانه سنتی و .... میباشد 
لطفا قبل از هر گونه اقدامی به اصالت و سابقه درخشان طرف قرار داد اطمینان حاصل بفرمایید
شماره ارتباطی ما با شما : ***********",https://divar.ir/v/%D8%AA%D8%B4%D8%B1%DB%8C%D9%81%D8%A7%D8%AA-%D8%AF%D8%B1-%D8%B9%D9%85%D8%A7%D8%B1%D8%AA-%D9%85%D8%AC%D9%84%D9%84-%D8%A7%D8%AE%D8%AA%D8%B5%D8%A7%D8%B5%DB%8C-%D8%A8%DB%8C-%D9%88%D8%A7%D8%B3%D8%B7%D9%87/AZEfNpjs
عسلی مبل,"['نو', '۲,۷۰۰,۰۰۰ تومان']",{},,https://divar.ir/v/%D8%B9%D8%B3%D9%84%DB%8C-%D9%85%D8%A8%D9%84/QZBbx5K9
خدمات چاه بازکنی تهرانپارس پیروزی نارمک رسالت سیدخندان,['لوله بازکنی، حفر...'],{},,https://divar.ir/services/craftsmen/ncuUA
باربری تهرانپارس مجیدیه کرایه کامیون نارمک رسالت,[],{},,https://divar.ir/v/%D8%A8%D8%A7%D8%B1%D8%A8%D8%B1%DB%8C-%D8%AA%D9%87%D8%B1%D8%A7%D9%86%D9%BE%D8%A7%D8%B1%D8%B3-%D9%85%D8%AC%DB%8C%D8%AF%DB%8C%D9%87-%DA%A9%D8%B1%D8%A7%DB%8C%D9%87-%DA%A9%D8%A7%D9%85%DB%8C%D9%88%D9%86-%D9%86%D8%A7%D8%B1%D9%85%DA%A9-%D8%B1%D8%B3%D8%A7%D9%84%D8%AA/QZYEh_hC
مبل هفت نفره جدید راحتی نیو مارشال باتیس,"['نو', '۱۲,۰۰۰,۰۰۰ تومان']",{},,https://divar.ir/v/%D9%85%D8%A8%D9%84-%D9%87%D9%81%D8%AA-%D9%86%D9%81%D8%B1%D9%87-%D8%AC%D8%AF%DB%8C%D8%AF-%D8%B1%D8%A7%D8%AD%D8%AA%DB%8C-%D9%86%DB%8C%D9%88-%D9%85%D8%A7%D8%B1%D8%B4%D8%A7%D9%84-%D8%A8%D8%A7%D8%AA%DB%8C%D8%B3/AZPCQ-UD
۹۱متر اپارتمان۲ خوابه خوش نقشه ستاری حکیم پیامبران,"['ودیعه: ۴۰۰,۰۰۰,۰۰۰ تومان', 'اجاره: ۱۲,۰۰۰,۰۰۰ تومان']",{},,https://divar.ir/v/%DB%B9%DB%B1%D9%85%D8%AA%D8%B1-%D8%A7%D9%BE%D8%A7%D8%B1%D8%AA%D9%85%D8%A7%D9%86%DB%B2-%D8%AE%D9%88%D8%A7%D8%A8%D9%87-%D8%AE%D9%88%D8%B4-%D9%86%D9%82%D8%B4%D9%87-%D8%B3%D8%AA%D8%A7%D8%B1%DB%8C-%D8%AD%DA%A9%DB%8C%D9%85-%D9%BE%DB%8C%D8%A7%D9%85%D8%A8%D8%B1%D8%A7%D9%86/QZBbB15J
۶۰متر/برج‌مجلل‌‌اطلس/دریاچه‌چیتگر/امکان‌تهاتر,"['۸۵۰,۰۰۰,۰۰۰ تومان']","{'قیمت کل': '۸۵۰٬۰۰۰٬۰۰۰ تومان', 'قیمت هر متر': '۱۴٬۱۶۶٬۰۰۰ تومان', 'طبقه': '۶ از ۱۵'}","بهترین سرمایه‌گذاری در دنیا خرید ملک است و بهترین روش سرمایه‌گذاری خرید پروژه روی خاک است و یک سوم قیمت واحد آماده تمام می‌شود.. 

برجهای مجلل ۱۵طبقه فول مشاعات 
تمامی تعهدات به صورت محضری 
امکان ثبت نام با فقط ۸۵۰میلیون آورده اولیه 
۴۰۰میلیون وام انبوه سازی بدون ضامن 
جهت کسب اطلاعات بیشتر تماس بگیرید 
❌آگهی های املاک به انواع اسامی قابل تشخیص میباشند،کافیست ببینید واژه آژانس املاک قید شده یا خیر
در صورت نبودن اسمی از آژانس املاک شما با کارمندان ما تماس گرفته اید و خریدی بدون واسطه را تجربه میکنید❌

کارمند رسمی اتحادیه تعاونی های انبوه‌ساز چیتگر
مهندس حسین‌فرد",https://divar.ir/v/%DB%B6%DB%B0%D9%85%D8%AA%D8%B1-%D8%A8%D8%B1%D8%AC-%D9%85%D8%AC%D9%84%D9%84-%D8%A7%D8%B7%D9%84%D8%B3-%D8%AF%D8%B1%DB%8C%D8%A7%DA%86%D9%87-%DA%86%DB%8C%D8%AA%DA%AF%D8%B1-%D8%A7%D9%85%DA%A9%D8%A7%D9%86-%D8%AA%D9%87%D8%A7%D8%AA%D8%B1/QZ3eVMXy
مبلآرنیکا*,"['نو', '۱۱,۰۰۰,۰۰۰ تومان']","{'نوع مبل': 'راحتی', 'نوع کالا': 'مبلمان', 'جنس روکش': 'پارچه', 'جنس بدنه': 'چوب', 'تعداد نشیمن': '۷ نفره', 'وضعیت': 'نو', 'قیمت': '۱۱٬۰۰۰٬۰۰۰ تومان'}","((تولیدکننده ی مبلمان راحتی بروز))

√رنگ بندی بیشتر از ۸۰ رنگ
√پایه چوبی و فلزی
√ فروش عمده و تکی
√حضوری و غیرحضوری
√آماده همکاری با نمایشگاه داران
√ ارسال به تمام نقاط
√ متریال وارداتی اصل شرکتی
√ همراه با ضمانت 

آدرس: شهرک ولیعصر خیابان حیدری جنوبی کوچه درختی جنب مدرسه پلاک ۴. (((((مبلمان امیرعلی)))

شماره تماس 
۰۰۰۰۰09124384258۰۰۰۰۰

√جهت ثبت سفارش و خرید و دیدن مدلهای دیگه و دریافت لوکیشن تماس بگیرید. 
√با تشکر از دیوار ×××××",https://divar.ir/v/%D9%85%D8%A8%D9%84%D8%A2%D8%B1%D9%86%DB%8C%DA%A9%D8%A7/QZ8SKHUZ
چراغ عقب و جلو پراید,['توافقی'],{},,https://divar.ir/v/%DA%86%D8%B1%D8%A7%D8%BA-%D8%B9%D9%82%D8%A8-%D9%88-%D8%AC%D9%84%D9%88-%D9%BE%D8%B1%D8%A7%DB%8C%D8%AF/QZBbB6aH
مجسمه دلفین,"['در حد نو', '۲,۰۰۰,۰۰۰ تومان']","{'وضعیت': 'در حد نو', 'مایل به معاوضه': 'نیستم', 'قیمت': '۲٬۰۰۰٬۰۰۰ تومان'}","مجسمه دلفین
به خریدار واقعیتخفیف هم داده می‌شود
شکستگی جزیی دارد",https://divar.ir/v/%D9%85%D8%AC%D8%B3%D9%85%D9%87-%D8%AF%D9%84%D9%81%DB%8C%D9%86/QZBbh5Cr
کیف کاور اسپیکر جی بی ال پارتی باکس انکور partybox,"['نو', '۶۰۰,۰۰۰ تومان']",{},,https://divar.ir/v/%DA%A9%DB%8C%D9%81-%DA%A9%D8%A7%D9%88%D8%B1-%D8%A7%D8%B3%D9%BE%DB%8C%DA%A9%D8%B1-%D8%AC%DB%8C-%D8%A8%DB%8C-%D8%A7%D9%84-%D9%BE%D8%A7%D8%B1%D8%AA%DB%8C-%D8%A8%D8%A7%DA%A9%D8%B3-%D8%A7%D9%86%DA%A9%D9%88%D8%B1-partybox/QZgVtjFe
۷۰متر۱خواب/فرشته،تختی/سونا اختصاصی/نقلی و زیبا,"['ودیعه: ۱,۰۰۰,۰۰۰,۰۰۰ تومان', 'اجاره: ۲۰,۰۰۰,۰۰۰ تومان']","{'ودیعه': '۱٬۰۰۰٬۰۰۰٬۰۰۰ تومان', 'اجارهٔ ماهانه': '۲۰٬۰۰۰٬۰۰۰ تومان', 'ودیعه و اجاره': 'غیر قابل تبدیل', 'طبقه': '۱ از ۳'}","سلام و احترام خدمت متقاضیان گرامی 

✅️[تیم فرامهر با صورت تخصصی در راستای تحقق امورات ملکی شما در الهیه همراه شماست]

✅️پیشرو هستم مشاور امورات ملکی در منطقه ۱
_

⚜️ دسترسی عالی به امکانات رفاهی و شریان ها 
⚜️ دنج ترین فرعی بدون ترافیک با گذر عریض 
⚜️ لوکیشن بی بدیل تاریخ تهران الهیه_فرشته 
⚜️ فول نوسازی شده متریال درجه یک 

جزئیات:

⬅️ ۷۰ متر

⬅️ ۱ خواب 

⬅️ یک از ۳

⬅️ سونا VIP

⬅️ انباری 

⬅️ لاندری

(مناسب مجرد و خانواده)

✅️برای کسب اطلاعات بیشتر و خانه متناسب با سلیقه مد نظر خود با ما در ارتباط باشید.

(بی شک همه چیز از آن صداقت است)",https://divar.ir/v/%DB%B7%DB%B0%D9%85%D8%AA%D8%B1%DB%B1%D8%AE%D9%88%D8%A7%D8%A8-%D9%81%D8%B1%D8%B4%D8%AA%D9%87-%D8%AA%D8%AE%D8%AA%DB%8C-%D8%B3%D9%88%D9%86%D8%A7-%D8%A7%D8%AE%D8%AA%D8%B5%D8%A7%D8%B5%DB%8C-%D9%86%D9%82%D9%84%DB%8C-%D9%88-%D8%B2%DB%8C%D8%A8%D8%A7/QZBLRti_
ال کمجا.ال مینیمال,"['نو', '۱۴,۸۰۰,۰۰۰ تومان']","{'نوع مبل': 'سایر', 'نوع کالا': 'مبلمان', 'جنس روکش': 'سایر', 'جنس بدنه': 'چوب', 'تعداد نشیمن': '۵ نفره', 'وضعیت': 'نو', 'آخرین به\u200cروزرسانی آگهی': 'لحظاتی پیش', 'قیمت': '۱۴٬۸۰۰٬۰۰۰ تومان'}","مبل ال مینیمال 
سایز کار ۲۶۰ در۱۸۰ هست که سایز وجهت کنج قابل تغییر هست به اندازه دلخواه شما.

رنگ چوب به انتخاب وسلیقه شما قابل تغییر هست
درسی تنوع رنگ‌پارچه 

قیمت کار با پارچه ایرانی محاسبه شده
کف نشیمن اسفنج ۳۵ کیلویی ویژه شرکت البرز

کلاف واسکلت کار با چوب روس سوپر درجه یک
با۴۸ ماه ضمانت کلاف کار.

بازدید از ۹ صبح تا ۹ شب با هماهنگی قبلی
خرید حضوری وغیر حضوری

آدرس ولوکیشن دقیق پایین آگهی هست
ارسال به سراسر کشور

برای دیدن کل نمونه کارهای مبلمان آیسان پایین آگهی گزینه مشاهده همه آگهی ها رو بزنید.",https://divar.ir/v/%D8%A7%D9%84-%DA%A9%D9%85%D8%AC%D8%A7-%D8%A7%D9%84-%D9%85%DB%8C%D9%86%DB%8C%D9%85%D8%A7%D9%84/AZHbfgr_
سگ شیتزو عروسکی پشمالو پوزه فلت نردوماه باشناسنامه,[],{},"هزینه واگذاری: ق ۸ م تومان
بسیار زیبا و اصیل پشمالو عروسکی 
سایز کوچیک پوزه فلت
از مولدین بسیار زیبا و اصیل وارداتی که عکس مولدایه توله رو گذاشتم
توجه:( توله شخصی میباشد فقط همین تولهرو دارم مولداشم برای یکی از دوستانم بوده برای خودم خیلی بیشتر هزینه شده به علت مهاجرت واگذار میکنم به یه خانواده حیوان دوست) 
جنسیت: نر
سن: دوماه
واکسیناسیون شده با شناسنامه
قابل ارسال نقاط ایران
لطفاً فقط تماس بگیرید هیچگونه پیامی را حتی چت دیوار جوابگو نمی‌باشم با سپاس فراوان",https://divar.ir/v/%D8%B3%DA%AF-%D8%B4%DB%8C%D8%AA%D8%B2%D9%88-%D8%B9%D8%B1%D9%88%D8%B3%DA%A9%DB%8C-%D9%BE%D8%B4%D9%85%D8%A7%D9%84%D9%88-%D9%BE%D9%88%D8%B2%D9%87-%D9%81%D9%84%D8%AA-%D9%86%D8%B1%D8%AF%D9%88%D9%85%D8%A7%D9%87-%D8%A8%D8%A7%D8%B4%D9%86%D8%A7%D8%B3%D9%86%D8%A7%D9%85%D9%87/QZ-m6Wu8
مدل وخدمات رنگ مو مش لایت احیا بالیاژ غرب تهران,[],{},"باسلام خدمت زیباجویان عزیز
❌خدمات فوق تخصصی رنگ ولایت آمبره بالیاژ.. 
❌برای تکمیل آلبوم 
❌کلیه خدمات توسط متخصص باسابقه کاری ۷ساله
❌موادومتریال ایتالیایی جلوی چشم مشتری انجام میشه 
❌پایان کاربرای تقویت موویتامینه انجام میشه 
❌براشینگ وکرلی پایان کارازماهدیه بگیرین 
❌وهمچنان بانوانی که به مجموعه ما مشتری معرفی کنن یک رنگساژهدیه خواهندگرفت",https://divar.ir/v/%D9%85%D8%AF%D9%84-%D9%88%D8%AE%D8%AF%D9%85%D8%A7%D8%AA-%D8%B1%D9%86%DA%AF-%D9%85%D9%88-%D9%85%D8%B4-%D9%84%D8%A7%DB%8C%D8%AA-%D8%A7%D8%AD%DB%8C%D8%A7-%D8%A8%D8%A7%D9%84%DB%8C%D8%A7%DA%98-%D8%BA%D8%B1%D8%A8-%D8%AA%D9%87%D8%B1%D8%A7%D9%86/QZsGw-Bd
تایپیست(درامد روزانه),['پورسانتی/درصدی'],"{'شیوهٔ پرداخت': 'پورسانتی/درصدی', 'ساعات کاری': 'سایر', 'بیمه': 'ندارد', 'امکان کار در منزل': 'دارد', 'وضعیت سربازی': 'فرقی ندارد', 'امکان استخدام فرد دارای معلولیت': 'دارد'}","تایپ کن و روزانه بین ۵۰۰ تا۹۰۰ هزار درامد کسب کن
باگوشی یا لب تاب
تایم کاری دست خودته
حقوق آنی وبلافاصله پس از تحویل فرقی هم نداره دانشجو باشی یا دانش اموز اگر دوست داری مستقل بشی پیام بده.",https://divar.ir/v/%D8%AA%D8%A7%DB%8C%D9%BE%DB%8C%D8%B3%D8%AA-%D8%AF%D8%B1%D8%A7%D9%85%D8%AF-%D8%B1%D9%88%D8%B2%D8%A7%D9%86%D9%87/QZBbhti_
ماشین لباسشویی ال جی,"['در حد نو', '۶,۵۰۰,۰۰۰ تومان']","{'برند': 'ال جی', 'وضعیت': 'در حد نو', 'مایل به معاوضه': 'نیستم', 'قیمت': '۶٬۵۰۰٬۰۰۰ تومان'}","لباسشویی الجی ۷ کیلویی 
سالم وسلامت بدون خط وخش 
بدون صدا ولرزش مناسب جهیزیه
دیگ اکوبابل حباب ساز ضدچروک
باضمانت وگارانتی 
ارسال ونصب تهران وحومه",https://divar.ir/v/%D9%85%D8%A7%D8%B4%DB%8C%D9%86-%D9%84%D8%A8%D8%A7%D8%B3%D8%B4%D9%88%DB%8C%DB%8C-%D8%A7%D9%84-%D8%AC%DB%8C/QZAjZFb3
چهارچوب فرانسوی با درب چوبی اتاقی و سرویسی با قفل,"['نو', '۱۱,۱۱۱ تومان']","{'وضعیت': 'نو', 'آخرین به\u200cروزرسانی آگهی': 'دقایقی پیش', 'قیمت': '۱۱٬۱۱۱ تومان'}","با سلام و احترام

دفتر فروش درهای پیش ساخته وآماده ساختمانی در خزانه بخارایی تهران

عرضه کننده انواع درهای چوبی با چهارچوب فلزی و قفل و دستگیره های نصب شده

انواع حفاظ آکاردئونی‌‌ محافظ درب ورودی آپارتمان

انواع درهای آهنی ورق سبک و سنگین

تحویل فوری فوری

امکان بازدید حضوری در فروشگاه

باتشکر.",https://divar.ir/v/%DA%86%D9%87%D8%A7%D8%B1%DA%86%D9%88%D8%A8-%D9%81%D8%B1%D8%A7%D9%86%D8%B3%D9%88%DB%8C-%D8%A8%D8%A7-%D8%AF%D8%B1%D8%A8-%DA%86%D9%88%D8%A8%DB%8C-%D8%A7%D8%AA%D8%A7%D9%82%DB%8C-%D9%88-%D8%B3%D8%B1%D9%88%DB%8C%D8%B3%DB%8C-%D8%A8%D8%A7-%D9%82%D9%81%D9%84/QZBbRiQ8
هتل آپارتمان سویت دربست خوابگاه پانسیون,"['بدون اتاق، تا ۶ نفر', 'از ۲۰۰,۰۰۰ تومان']",{},,https://divar.ir/v/%D9%87%D8%AA%D9%84-%D8%A2%D9%BE%D8%A7%D8%B1%D8%AA%D9%85%D8%A7%D9%86-%D8%B3%D9%88%DB%8C%D8%AA-%D8%AF%D8%B1%D8%A8%D8%B3%D8%AA-%D8%AE%D9%88%D8%A7%D8%A8%DA%AF%D8%A7%D9%87-%D9%BE%D8%A7%D9%86%D8%B3%DB%8C%D9%88%D9%86/QZ1x_lRY
۱۷۲مترخ سوم نیروهوایی,"['۲۰,۰۰۰,۰۰۰,۰۰۰ تومان']","{'قیمت کل': '۲۰٬۰۰۰٬۰۰۰٬۰۰۰ تومان', 'قیمت هر متر': '۱۱۶٬۲۷۹٬۰۰۰ تومان', 'طبقه': '۳'}","۱۷۲متر۳خواب خ سوم نیروهوایی ۸ساله
فول امکانات دوپارکینگ کنارهم سندی
انباری بزرگ طبقه سوم",https://divar.ir/v/%DB%B1%DB%B7%DB%B2%D9%85%D8%AA%D8%B1%D8%AE-%D8%B3%D9%88%D9%85-%D9%86%DB%8C%D8%B1%D9%88%D9%87%D9%88%D8%A7%DB%8C%DB%8C/QZATPjK2
تعمیر پرینتر,"['نیازمند تعمیر', '۲۰۰,۰۰۰ تومان']",{},"تعمیر و شارژ کارتریج 
پرینتر های لیزری و جوهر افشان
تلفن: ***********
HP
CANON
SAMSUNG
PANASONIC
SHARP
 کیفیت بالای خدمات به همراه گارانتی",https://divar.ir/v/%D8%AA%D8%B9%D9%85%DB%8C%D8%B1-%D9%BE%D8%B1%DB%8C%D9%86%D8%AA%D8%B1/QZBbh3EZ
ضبط صوت JVC و باند,"['۲,۸۰۰ تومان']",{'قیمت': '۲٬۸۰۰ تومان'},"با سلام این دستگاه ضبط صوت با مارک JVC و دارای ۶ خروجی برای سیستم مناسب است و دارای ۲ جفت باند پایونیر مدل ۶۹۷۱ کاملا سالم بفروش می‌رسد با تشکر. 
زمان تماس ساعت ۹ صبح الی ۵:۳۰ بعداظهر میباشد لطفا در ساعات دیگر فقط پیام بدهید با تشکر ‌.",https://divar.ir/v/%D8%B6%D8%A8%D8%B7-%D8%B5%D9%88%D8%AA-jvc-%D9%88-%D8%A8%D8%A7%D9%86%D8%AF/QZBbh2Wr
اکانت کالاف,"['۷۲۰,۰۰۰ تومان']","{'نوع کالا': 'اکانت', 'قیمت': '۷۲۰٬۰۰۰ تومان (مقطوع)', 'مایل به معاوضه': 'نیستم'}","لول اکانت:300
 ریجن: هند 
رنک مولتی پلیر:3بار لجند شده 
رنک بتل رویال:14 بار لجند شده
⛁ مقدار CP اکانت:0
⛃ مقدار C اکانت:19k
 بتل پس فصل های:پس های قدیمی 
 لینک شده روی:اکتیویژن 
 قابل چنج ؟ :بله

 توضیحات:باح باح
فولAk47+دایمند
فول117+گلد
فولDL هالیدی+دایمند
فولAk قدیمی+دایمند
فول ارتری اصلی
اکانت داری 5 فول گردونه نابی هست

2 اسکین انیمه ای قدیمی
حدود 6 الی 7 اسکین گردونه
ویوان مشکیه اصلی،ارتری اصلی

اکانت دارای باندالM4اپیک پیتوین‍️
کریت Ak47 یخی
اچ اس اسکلت
نایف های گاد مخصوص گیم

حدود35،40 دنس✨
کلی نید لجند برای مولتی
‼️تخفیف ندارد فروش کاملا فوری هست‼️
یوآیدی جهت اطلاع بیشتر
#UID6910089374647123969

⟿⟿⟿⟿⟿⟿⟿⟿⟿⟿⟿⟿⟿⟿⟿
 قیمت=فقط فقط 720 تومن‼️

توجه:
قیمت کالا مقطوع است و تخفیف ندارد.",https://divar.ir/v/%D8%A7%DA%A9%D8%A7%D9%86%D8%AA-%DA%A9%D8%A7%D9%84%D8%A7%D9%81/QZBbR3eL
کفش سایز 38 39,"['نو', '۵۰,۰۰۰ تومان']","{'زنانه/مردانه': 'زنانه', 'وضعیت': 'نو', 'نوع کفش': 'رسمی و مجلسی', 'تولیدکننده': 'خارجی', 'نوع کالا': 'کفش', 'قیمت': '۵۰٬۰۰۰ تومان'}",کفش های مجلسی پاشنه 6سانتی پاخورش بسیار قشنگه ارسال هم داره,https://divar.ir/v/%DA%A9%D9%81%D8%B4-%D8%B3%D8%A7%DB%8C%D8%B2-38-39/QZBbR36x
سگ نژاد پودل واگذاری,[],{},"سلام و ارادت
نژاد پودل توی و مینیاتور 
از پدرو مادر وارداتی
بابرگه اصالت و سلامت دامپزشک
در رنگهای مختلف آماده تحویل
برای اطلاعات بیشتر واتساپ در خدمتم",https://divar.ir/v/%D8%B3%DA%AF-%D9%86%DA%98%D8%A7%D8%AF-%D9%BE%D9%88%D8%AF%D9%84-%D9%88%D8%A7%DA%AF%D8%B0%D8%A7%D8%B1%DB%8C/QZBbB3TP
مینی واش Aukia سالم ۵ کیلویی,"['در حد نو', '۱,۰۰۰,۰۰۰ تومان']","{'برند': 'غیره', 'وضعیت': 'در حد نو', 'قیمت': '۱٬۰۰۰٬۰۰۰ تومان'}","سلام 
مینی واش Aukia 
کم کارکرد و سالم سالم 
خشک کن ندارد 
به دلیل مشغله کاری بازدید از ساعت ۲:۳۰ الی ۱۰ شب",https://divar.ir/v/%D9%85%DB%8C%D9%86%DB%8C-%D9%88%D8%A7%D8%B4-aukia-%D8%B3%D8%A7%D9%84%D9%85-%DB%B5-%DA%A9%DB%8C%D9%84%D9%88%DB%8C%DB%8C/QZBbR3kC
پرده نمایش برقی پروژکتور 3*4,"['نو', '۱۶,۵۰۰,۰۰۰ تومان']","{'قیمت': '۱۶٬۵۰۰٬۰۰۰ تومان (مقطوع)', 'نوع کالا': 'پروژکتور', 'وضعیت': 'نو'}","برقی ، کنترل دار
برند Reflacta

توجه:
قیمت کالا مقطوع است و تخفیف ندارد.",https://divar.ir/v/%D9%BE%D8%B1%D8%AF%D9%87-%D9%86%D9%85%D8%A7%DB%8C%D8%B4-%D8%A8%D8%B1%D9%82%DB%8C-%D9%BE%D8%B1%D9%88%DA%98%DA%A9%D8%AA%D9%88%D8%B1-3-4/QZBbR3so
خدمات کامپوزیت دندان,['سلامت و زیبایی د...'],{},,https://divar.ir/services/beauty-and-haircare/SxJef
مبل استیل مدل کاجی بیضی,"['نو', '۶۹,۰۰۰,۰۰۰ تومان']","{'نوع مبل': 'کلاسیک و استیل', 'نوع کالا': 'مبلمان', 'جنس روکش': 'سایر', 'جنس بدنه': 'چوب', 'تعداد نشیمن': '۷ نفره', 'وضعیت': 'نو', 'آخرین به\u200cروزرسانی آگهی': 'دقایقی پیش', 'قیمت': '۶۹٬۰۰۰٬۰۰۰ تومان'}","جنس چوب راش گرجستان 
اسفنج ۳۰ کیلک چهار سانت 
فوم سرد شرکتی به همراه فنر بندی 
با بهترین کیفیت رنگ و رویه کوبی
کیفیت برای ما مهم تر از همه چیز هست

تولیدی مبلمان آیتک",https://divar.ir/v/%D9%85%D8%A8%D9%84-%D8%A7%D8%B3%D8%AA%DB%8C%D9%84-%D9%85%D8%AF%D9%84-%DA%A9%D8%A7%D8%AC%DB%8C-%D8%A8%DB%8C%D8%B6%DB%8C/QZthJ6iB
مبل استیل مدل ستایش,"['نو', '۱۱,۱۱۱,۱۱۱ تومان']",{},,https://divar.ir/v/%D9%85%D8%A8%D9%84-%D8%A7%D8%B3%D8%AA%DB%8C%D9%84-%D9%85%D8%AF%D9%84-%D8%B3%D8%AA%D8%A7%DB%8C%D8%B4/QZmyX0-b
مبل راحتی چستر آمریکایی,"['نو', '۱۱۱,۱۱۱ تومان']","{'نوع مبل': 'راحتی', 'نوع کالا': 'مبلمان', 'جنس روکش': 'سایر', 'جنس بدنه': 'چوب', 'تعداد نشیمن': '۸ نفره', 'وضعیت': 'نو', 'آخرین به\u200cروزرسانی آگهی': 'دقایقی پیش', 'قیمت': '۱۱۱٬۱۱۱ تومان'}","مدل زیبا و اسپرت 
جنس چوب داخل روس و چوب نما راش
اسفنج ۳۵ کیلو ویژه کارشده 
انتخاب رنگ و پارچه با مشتری",https://divar.ir/v/%D9%85%D8%A8%D9%84-%D8%B1%D8%A7%D8%AD%D8%AA%DB%8C-%DA%86%D8%B3%D8%AA%D8%B1-%D8%A2%D9%85%D8%B1%DB%8C%DA%A9%D8%A7%DB%8C%DB%8C/QZst41FL
فروش جاروبرقی پاکشوما ۲۵۰۰وات مدل kzv,"['در حد نو', '۵,۵۰۰,۰۰۰ تومان']","{'وضعیت': 'در حد نو', 'نوع کالا': 'جارو برقی', 'مایل به معاوضه': 'نیستم', 'قیمت': '۵٬۵۰۰٬۰۰۰ تومان (مقطوع)'}","فروش فوری جاروبرقی پاکشوما مدل kzv نو ،فقط دو بار استفاده شده دو ما پیش خریدار شد،همراه با کارتن و ضمانت نامه، به علت تهیه جاروبرقی شارژی زیر قیمت بازار میفروشم، خدایی خودم دوماه پیش ۶میلیون و پانصد خریدارم ،حالا احتیاج ندارم ۵۵۰۰ میفروشم فقط دو بار بیشتر استفاده نشده تمام لوازم جاروبرقی اکنبد هست فقط خریدار واقعا پیام بده

توجه:
قیمت کالا مقطوع است و تخفیف ندارد.",https://divar.ir/v/%D9%81%D8%B1%D9%88%D8%B4-%D8%AC%D8%A7%D8%B1%D9%88%D8%A8%D8%B1%D9%82%DB%8C-%D9%BE%D8%A7%DA%A9%D8%B4%D9%88%D9%85%D8%A7-%DB%B2%DB%B5%DB%B0%DB%B0%D9%88%D8%A7%D8%AA-%D9%85%D8%AF%D9%84-kzv/QZBbh0Po
کتونی مردانه طرح تامی سایز ۴۲,"['نو', '۳۷۰,۰۰۰ تومان']","{'زنانه/مردانه': 'مردانه', 'وضعیت': 'نو', 'تولیدکننده': 'ایرانی', 'مایل به معاوضه': 'نیستم', 'قیمت': '۳۷۰٬۰۰۰ تومان'}","کتونی کاملا نو (اصلا استفاده نشده)
رنگ مشکی
سایز کفش ۴۳ اما قواره کوچک و مناسب پای سایز ۴۲ هست",https://divar.ir/v/%DA%A9%D8%AA%D9%88%D9%86%DB%8C-%D9%85%D8%B1%D8%AF%D8%A7%D9%86%D9%87-%D8%B7%D8%B1%D8%AD-%D8%AA%D8%A7%D9%85%DB%8C-%D8%B3%D8%A7%DB%8C%D8%B2-%DB%B4%DB%B2/QZBbhpIR
طراحی تخصصی لوگو،آرم،بنر،پوستر،کارت ویزیت,[],{},"سلام عزیزان
✅طراحی تخصصی و مشاوره
✅با قیمت عالی و ارسال فایل های تخصصی و قابلیت ویرایش توسط شما عزیزان.
طراحی تخصصی موارد زیر:
✅لوگو✅لوگوموشن✅آرم✅بنر
✅پوستر✅کارت ویزیت
✅استوری ثابت و متحرک 
✅ویرایش عکس
**کلیه کارهای گرافیکی**
دوستان عزیز طراحی داریم با ارسال فایل های تخصصی،چاپ نداریم.",https://divar.ir/v/%D8%B7%D8%B1%D8%A7%D8%AD%DB%8C-%D8%AA%D8%AE%D8%B5%D8%B5%DB%8C-%D9%84%D9%88%DA%AF%D9%88-%D8%A2%D8%B1%D9%85-%D8%A8%D9%86%D8%B1-%D9%BE%D9%88%D8%B3%D8%AA%D8%B1-%DA%A9%D8%A7%D8%B1%D8%AA-%D9%88%DB%8C%D8%B2%DB%8C%D8%AA/AZsDeoj2
اپارتمان۶۱مترنوساز خیابان دماوند تهران نو,"['۴۲,۵۰۰,۰۰۰,۰۰۰ تومان']",{},,https://divar.ir/v/%D8%A7%D9%BE%D8%A7%D8%B1%D8%AA%D9%85%D8%A7%D9%86%DB%B6%DB%B1%D9%85%D8%AA%D8%B1%D9%86%D9%88%D8%B3%D8%A7%D8%B2-%D8%AE%DB%8C%D8%A7%D8%A8%D8%A7%D9%86-%D8%AF%D9%85%D8%A7%D9%88%D9%86%D8%AF-%D8%AA%D9%87%D8%B1%D8%A7%D9%86-%D9%86%D9%88/QZ2CVmqk
خدمات طراحی و اجرا تخصصی نمای کامپوزیت و دکوراسیون داخلی,['طراحی، اجرا و تع...'],{},,https://divar.ir/services/craftsmen/decordakheli
650متر سوله تجاری شیک,"['۷,۵۰۰,۰۰۰,۰۰۰ تومان']",{},,https://divar.ir/v/650%D9%85%D8%AA%D8%B1-%D8%B3%D9%88%D9%84%D9%87-%D8%AA%D8%AC%D8%A7%D8%B1%DB%8C-%D8%B4%DB%8C%DA%A9/QZAnqW2F
بریل برقی,"['کارکرده', '۵,۰۰۰,۰۰۰ تومان']","{'قیمت': '۵٬۰۰۰٬۰۰۰ تومان', 'نوع کالا': 'تجهیزات عکاسی و فیلم\u200cبرداری', 'نوع تجهیزات': 'سایر', 'وضعیت': 'کارکرده', 'مایل به معاوضه': 'نیستم'}","بریل برقی ۴محوره 
با لوله وفون مشکی وسفید 
به علت کم بودن جا سالم",https://divar.ir/v/%D8%A8%D8%B1%DB%8C%D9%84-%D8%A8%D8%B1%D9%82%DB%8C/QZBbR07A
ویدرام ، وی درام,"['در حد نو', '۲۹,۹۰۰,۰۰۰ تومان']","{'وضعیت': 'در حد نو', 'مایل به معاوضه': 'نیستم', 'قیمت': '۲۹٬۹۰۰٬۰۰۰ تومان'}","ویدرام از برند xm است و مارک t5sr
اطلاعات بیشتر پیام بدهید.
ساز از مشهد ارسال می‌شود یه سایر شهر ها",https://divar.ir/v/%D9%88%DB%8C%D8%AF%D8%B1%D8%A7%D9%85-%D9%88%DB%8C-%D8%AF%D8%B1%D8%A7%D9%85/QZBbBzpP
خدمات تزریق ژل و بوتاکس توسط پزشک,[],{},,https://divar.ir/v/%D8%AE%D8%AF%D9%85%D8%A7%D8%AA-%D8%AA%D8%B2%D8%B1%DB%8C%D9%82-%DA%98%D9%84-%D9%88-%D8%A8%D9%88%D8%AA%D8%A7%DA%A9%D8%B3-%D8%AA%D9%88%D8%B3%D8%B7-%D9%BE%D8%B2%D8%B4%DA%A9/QZuqqzMA
تابلو فرش ماشینی,"['در حد نو', '۴۰۰,۰۰۰ تومان']",{},,https://divar.ir/v/%D8%AA%D8%A7%D8%A8%D9%84%D9%88-%D9%81%D8%B1%D8%B4-%D9%85%D8%A7%D8%B4%DB%8C%D9%86%DB%8C/QZBbh0Fr
خدمات کارشناس سیار خودرو در کل تهران کارشناسی رنگ فنی,['دیاگ و عیب یابی،...'],{},,https://divar.ir/services/car-and-motor/LmLLC
۱۹۰ متری ۳خواب پونک/همیلا/ سالن پرده خور,"['۲۴,۷۰۰,۰۰۰,۰۰۰ تومان']","{'قیمت کل': '۲۴٬۷۰۰٬۰۰۰٬۰۰۰ تومان', 'قیمت هر متر': '۱۳۰٬۰۰۰٬۰۰۰ تومان', 'طبقه': '۱ از ۵'}","✳️پویشی از بهترین‌های همیلا
✳️خوش نقشه و بدون پرتی

✳️سالن پرده خور با پنجره های قدی رو به جنوب
✳️بالکن بسیار بزرگ مناسب برای چیدمان

✳️آشپزخانه بزرگ با کابینتهای MDF شیک ومجهز 
✳️سه اتاق خواب بزرگ با کمد دیواری 

✳️۱۶ متر فضای پاسیو 
✳️۳ پارکینگ باکس و یک پارکینگ مزاحم خود

✳️سونا و جکوزی
✳️انباری و اسانسور شیک 

✳️ملکی شمالی با حیات مشجر

✳️بازدید ۹ صبح تا ۹ شب
✳️افشار مشاور تخصصی منطقه",https://divar.ir/v/%DB%B1%DB%B9%DB%B0-%D9%85%D8%AA%D8%B1%DB%8C-%DB%B3%D8%AE%D9%88%D8%A7%D8%A8-%D9%BE%D9%88%D9%86%DA%A9-%D9%87%D9%85%DB%8C%D9%84%D8%A7-%D8%B3%D8%A7%D9%84%D9%86-%D9%BE%D8%B1%D8%AF%D9%87-%D8%AE%D9%88%D8%B1/QZA_fTN-
220 متر . 3 خواب . مدرن . تکواحدی . فرمانیه,"['ودیعه: ۱,۵۰۰,۰۰۰,۰۰۰ تومان', 'اجاره: ۱۰۰,۰۰۰,۰۰۰ تومان']","{'ودیعه': '۱٬۵۰۰٬۰۰۰٬۰۰۰ تومان', 'اجارهٔ ماهانه': '۱۰۰٬۰۰۰٬۰۰۰ تومان', 'ودیعه و اجاره': 'غیر قابل تبدیل', 'طبقه': '۳ از ۱۰'}","✅️سازه مدرن

✅️220 متر 

✅️3 خواب (تک مستر)

✅️سالن قابل چیدمان 

✅️غرق در نور آفتاب با پنجره های قدی

✅️تراس بزرگ قابل چیدمان

✅️اتاق خواب ها نورگیر

✅️آشپزخانه هایگلس

✅️سالن اجتماعات

✅️۲ باکس پارکینگ سندی

✅️ورودی از لابی شیک

✅️لابی من

✅️سرایدار مقیم

✅️دسترسی عالی به خیابان اصلی، مراکز خرید و رفاهی

❌️موار مشابه مناسب با بودجه و سلیقه شما عزیزان
❌️مشاور شما نیما",https://divar.ir/v/220-%D9%85%D8%AA%D8%B1-3-%D8%AE%D9%88%D8%A7%D8%A8-%D9%85%D8%AF%D8%B1%D9%86-%D8%AA%DA%A9%D9%88%D8%A7%D8%AD%D8%AF%DB%8C-%D9%81%D8%B1%D9%85%D8%A7%D9%86%DB%8C%D9%87/QZA3puoC
۵۶متر بر اصلی,"['۲۲,۴۰۰,۰۰۰,۰۰۰ تومان']",{},,https://divar.ir/v/%DB%B5%DB%B6%D9%85%D8%AA%D8%B1-%D8%A8%D8%B1-%D8%A7%D8%B5%D9%84%DB%8C/QZBbhx_f
شکلات خوری مس و پرداز اقاجانی,"['نو', '۴,۰۰۰,۰۰۰ تومان']",{},,https://divar.ir/v/%D8%B4%DA%A9%D9%84%D8%A7%D8%AA-%D8%AE%D9%88%D8%B1%DB%8C-%D9%85%D8%B3-%D9%88-%D9%BE%D8%B1%D8%AF%D8%A7%D8%B2-%D8%A7%D9%82%D8%A7%D8%AC%D8%A7%D9%86%DB%8C/QZBbxxgN
کناف ایران,[],{},,https://divar.ir/v/%DA%A9%D9%86%D8%A7%D9%81-%D8%A7%DB%8C%D8%B1%D8%A7%D9%86/QZvOm5U8
واحد۸۶متری و۱۰۰ فول امکانات در شهرک راه اهن دریاچه,"['۲,۹۰۰,۰۰۰,۰۰۰ تومان']","{'قیمت کل': '۲٬۹۰۰٬۰۰۰٬۰۰۰ تومان', 'قیمت هر متر': '۳۳٬۷۲۰٬۰۰۰ تومان', 'طبقه': '۳ از ۵'}","به نام خدا
توضیحات در مورد واحد ۸۶ متر 
خوش بدون پرتی نقشه اروپایی 
نورگیر عالی 
دو خواب 
سه لاین اسانسور 
انباری سندی 
پارگنیگ 
لابی و لابی من۲۴ساعت
سند تک برگ 
شخصی ساز 
لوکشین بی نظیر
فاصله ۲دقیقه تا پارک جنگلی چیگتر 
فاصله۴ تا دریاچه باملند 
با عرض معذرت عکس متعلق ب واحد نمی باشد. 
فایل های مشابه موجود هست 
با ۱۵ سال سابقه درخشان در منطقه۲۳ 
شاد کام باشید",https://divar.ir/v/%D9%88%D8%A7%D8%AD%D8%AF%DB%B8%DB%B6%D9%85%D8%AA%D8%B1%DB%8C-%D9%88%DB%B1%DB%B0%DB%B0-%D9%81%D9%88%D9%84-%D8%A7%D9%85%DA%A9%D8%A7%D9%86%D8%A7%D8%AA-%D8%AF%D8%B1-%D8%B4%D9%87%D8%B1%DA%A9-%D8%B1%D8%A7%D9%87-%D8%A7%D9%87%D9%86-%D8%AF%D8%B1%DB%8C%D8%A7%DA%86%D9%87/QZBbhtso
لوستر ۶شاخه سرامیکی با گل وسط سرامیکی بامبویی,"['نو', '۴,۵۰۰,۰۰۰ تومان']","{'جنس بدنه': 'برنز', 'وضعیت': 'نو', 'آخرین به\u200cروزرسانی آگهی': 'دقایقی پیش', 'قیمت': '۴٬۵۰۰٬۰۰۰ تومان'}","تولید و پخش انواع لوستر های برنجی و برنزی 
لوستر ۶شاخه ۱۲شعله سرامیکی خطی راه راه جدید 
با اویز بامبویی جدید 
ارسال به تمام نقاط کشور 
جنس بدنه دارای ضمانت کتبی تمام برنجی فاکتور معتبر و مهروامضا شده 
تولیدی اصلی نگین لوستر تولید کننده واقعی اصلی لوستر های برنجی 
ادرس تولیدی =بازار مبل نعمت اباد خیابان پوریای ولی کوچه ۱۹ غربی پلاک ۴۶ تولیدی نگین لوستر",https://divar.ir/v/%D9%84%D9%88%D8%B3%D8%AA%D8%B1-%DB%B6%D8%B4%D8%A7%D8%AE%D9%87-%D8%B3%D8%B1%D8%A7%D9%85%DB%8C%DA%A9%DB%8C-%D8%A8%D8%A7-%DA%AF%D9%84-%D9%88%D8%B3%D8%B7-%D8%B3%D8%B1%D8%A7%D9%85%DB%8C%DA%A9%DB%8C-%D8%A8%D8%A7%D9%85%D8%A8%D9%88%DB%8C%DB%8C/AZ5QjsJ8
استخدام ویزیتور برای مناطق مختلف تهران,['پرداخت توافقی'],"{'شیوهٔ پرداخت': 'توافقی', 'ساعات کاری': 'از ۹ تا ۱۷ پنجشنبه\u200cها تا ظهر', 'بیمه': 'ندارد', 'وضعیت سربازی': 'فرقی ندارد'}","با سلام
 دفتر پخش دخانیات حسام درنظر دارد ویزیتور حرفه ای در مناطق مختلف تهران جهت بازاریابی برای انواع سیگار و تنباکو استخدام نماید.
ترجیحا آقا با سابقه و دارای وسیله نقلیه ترجیحا موتور سیکلت
تمامی شرایط کار و حقوق و پورسانت حضوری و توافقی اعلام میشود. 
با تشکر",https://divar.ir/v/%D8%A7%D8%B3%D8%AA%D8%AE%D8%AF%D8%A7%D9%85-%D9%88%DB%8C%D8%B2%DB%8C%D8%AA%D9%88%D8%B1-%D8%A8%D8%B1%D8%A7%DB%8C-%D9%85%D9%86%D8%A7%D8%B7%D9%82-%D9%85%D8%AE%D8%AA%D9%84%D9%81-%D8%AA%D9%87%D8%B1%D8%A7%D9%86/QZBbhKjy
خدمات لوله بازکنی فنرزنی تخلیه چاه بازکن سراسرتهران,['لوله بازکنی، ترم...'],{},,https://divar.ir/services/craftsmen/rasol-norozy
ویپ نونو,"['نو', '۱,۸۰۰,۰۰۰ تومان']","{'وضعیت': 'نو', 'مایل به معاوضه': 'هستم', 'قیمت': '۱٬۸۰۰٬۰۰۰ تومان'}","دستگاه نو میباشد 
فقط پلمپ باز شده 
و تست شده همین 
با یه جویس کامل
با یه باتری خوب نو
که فقط قیمت باتری ۳۰۰هزار تومن
جعبه هم دارد
پول لازمم 
تخفیف هم داره
با دزدگیر مجیکار تصویری معاوضه میکنم.",https://divar.ir/v/%D9%88%DB%8C%D9%BE-%D9%86%D9%88%D9%86%D9%88/QZ3Cei8o
zx8000 بکام فسفری,"['نو', '۸۹۰,۰۰۰ تومان']","{'زنانه/مردانه': 'مردانه', 'وضعیت': 'نو', 'نوع کفش': 'کتانی', 'تولیدکننده': 'ایرانی', 'نوع کالا': 'کفش', 'مایل به معاوضه': 'نیستم', 'قیمت': '۸۹۰٬۰۰۰ تومان (مقطوع)'}","زد ایکس ۸۰۰۰ بکام فسفری 
سایز: ۴۰ ۴۱ ۴۲ ۴۳ ۴۴

توجه:
قیمت کالا مقطوع است و تخفیف ندارد.",https://divar.ir/v/zx8000-%D8%A8%DA%A9%D8%A7%D9%85-%D9%81%D8%B3%D9%81%D8%B1%DB%8C/QZBbRwo4
جالباسی از جنس,"['نو', '۷۰,۰۰۰ تومان']","{'زنانه/مردانه': 'زنانه', 'وضعیت': 'نو', 'قیمت': '۷۰٬۰۰۰ تومان'}","جا لباسی از بهترین جنس 
سایز ۲۵سانتی۷۰تومن
سایز ۳۵ سانتی ۹۰ تومن
سایز ۴۵ سانتی ۱۲۰ تومن
سایز لباس زمستونی هم موجوده",https://divar.ir/v/%D8%AC%D8%A7%D9%84%D8%A8%D8%A7%D8%B3%DB%8C-%D8%A7%D8%B2-%D8%AC%D9%86%D8%B3/QZBbxu7b
رونیکا پالاس مژده/واحد ۱۳۱متری مسکونی/شیک,"['۱۷,۰۳۰,۰۰۰,۰۰۰ تومان']","{'قیمت کل': '۱۷٬۰۳۰٬۰۰۰٬۰۰۰ تومان', 'قیمت هر متر': '۱۳۰٬۰۰۰٬۰۰۰ تومان', 'طبقه': '۱ از ۱۱'}","⚜️ما به تامین نیاز شما می‌اندیشیم⚜️

♨️فروش ویژه واحدهای منطقه هروی با قیمت استثنایی 

______ رونیکا پالاس مژده______

✅پروژه 1800واحدی در 16بلوک مسکونی تحویل ✅پروژه 1800واحدی در 16بلوک مسکونی تحویل گردیده
✅دارای 3طبقه پارکینگ و لابی مجلل به ارتفاع 7متر
✅متراژ واحدها بین 100 تا 190متر مربع است و همگی بصورت دو و سه خواب موجود میباشد
✅دارای آیفون تصویری
✅پنجره UPVC
✅کاغذ دیواری
✅همه واحدها دارای بالکن هستند

مشاعات فول فرنیش و لوکس برج‌های رونیکا شامل :
✔سینما
✔کافی شاپ
✔کتابخانه
✔مهدکودک
✔باشگاه بیلیارد
✔باشگاه ورزشی
✔سالن اجتماعات
✔مدرسه دخترانه و پسرانه
✔درمانگاه و داروخانه 24ساعته
✔زمین فوتبال
✔زمین تنیس
✔مسجد
✔مجموعه فرهنگی
✔مرکز خرید رونیکا مال
✔مجهز به سیستم هوشمند BMS 
+آنتن مرکزی+اتاق مانیتورینگ+درب ریموت+سیستم اطفاء حریق+برق اضطراری
✔لابی من و تیم نگهبانی 24ساعته

❗عقد قرار داد تنها در دفتر فروش رسمی حاج رحیم قربانی با امضای شخص ایشان معتبر میباشد

☎خاص‌ترین‌هارو به شما معرفی میکنم
کارشناس امور ملکی شما ⬅ شایگان ➡
داخلی▫124▫",https://divar.ir/v/%D8%B1%D9%88%D9%86%DB%8C%DA%A9%D8%A7-%D9%BE%D8%A7%D9%84%D8%A7%D8%B3-%D9%85%DA%98%D8%AF%D9%87-%D9%88%D8%A7%D8%AD%D8%AF-%DB%B1%DB%B3%DB%B1%D9%85%D8%AA%D8%B1%DB%8C-%D9%85%D8%B3%DA%A9%D9%88%D9%86%DB%8C-%D8%B4%DB%8C%DA%A9/QZJm5qOE
لاستیک کارکرده بارز سایز۱۵,"['۲۰۰,۰۰۰ تومان']",{},,https://divar.ir/v/%D9%84%D8%A7%D8%B3%D8%AA%DB%8C%DA%A9-%DA%A9%D8%A7%D8%B1%DA%A9%D8%B1%D8%AF%D9%87-%D8%A8%D8%A7%D8%B1%D8%B2-%D8%B3%D8%A7%DB%8C%D8%B2%DB%B1%DB%B5/QZBbxv85
سمند EF7,"['۱۹۰,۰۰۰ کیلومتر', '۳۴۵,۰۰۰,۰۰۰ تومان']",{},,https://divar.ir/v/%D8%B3%D9%85%D9%86%D8%AF-ef7/QZBbRX2q
قفس 1033,"['۲۶۰,۰۰۰ تومان']","{'مایل به معاوضه': 'هستم', 'قیمت': '۲۶۰٬۰۰۰ تومان'}","سلام و درود
یک عدد قفس 1033
رنگ استیل
کلا 1 ماه پرنده توش بوده
جا دونی و جا آبی فابریک موجود هست
ارسال به سراسر ایران بزرگ",https://divar.ir/v/%D9%82%D9%81%D8%B3-1033/QZBbBwNz
تابلوفرش,"['نو', '۱۲,۰۰۰,۰۰۰ تومان']","{'بافت': 'دست\u200cباف', 'وضعیت': 'نو', 'مایل به معاوضه': 'نیستم', 'قیمت': '۱۲٬۰۰۰٬۰۰۰ تومان (مقطوع)'}","تابلو فرش دست بافت تبریز 
ریز بافت بافت تبریز 
پرداخت شده و برجسته پرداخت هم شده 
اندازه۱۰۰در۷۰
تابلوفرش در تبریز می باشد 
درصورت خرید به هزینه خودمون به تهران میاد

توجه:
قیمت کالا مقطوع است و تخفیف ندارد.",https://divar.ir/v/%D8%AA%D8%A7%D8%A8%D9%84%D9%88%D9%81%D8%B1%D8%B4/QZBbBa94
تندر پلاس اتوماتیک 1396,"['۱۲۴,۰۰۰ کیلومتر', '۷۲۰,۰۰۰,۰۰۰ تومان']",{},,https://divar.ir/v/%D8%AA%D9%86%D8%AF%D8%B1-%D9%BE%D9%84%D8%A7%D8%B3-%D8%A7%D8%AA%D9%88%D9%85%D8%A7%D8%AA%DB%8C%DA%A9-1396/QZ7Wo5E2
اپل واچ i.whach سریه یک در حد نو،بسیار سالم,"['در حد نو', '۲,۱۰۰,۰۰۰ تومان']",{},,https://divar.ir/v/%D8%A7%D9%BE%D9%84-%D9%88%D8%A7%DA%86-i-whach-%D8%B3%D8%B1%DB%8C%D9%87-%DB%8C%DA%A9-%D8%AF%D8%B1-%D8%AD%D8%AF-%D9%86%D9%88-%D8%A8%D8%B3%DB%8C%D8%A7%D8%B1-%D8%B3%D8%A7%D9%84%D9%85/QZBbBu35
3200 مترکارخانه مناسب هرنوع فعالیت درچرمشهر ورامین,[],{},"۳۲۰۰ متر زمین 
۳۵۰متر سوله
۱۵۰ متر خرپا
اتاق کارگری دفتری آبدارخانه 
برق ۲۵۰ آمپر ۳ فاز با ترانس شخصی
گاز ج ۴۰
آب لوله کشی
سند دفترچه شرکت شهرکها 
فاصله تا شهرک صنعتی شمس آباد ۳۵ کیلومتر 
دسترسی از اتوبان غدیر و چرمشهر 
شهرک در حال پیشرفت و ساخت و ساز زیاد
تهاتر با ملک و زمین در تهران و حومه تهران",https://divar.ir/v/3200-%D9%85%D8%AA%D8%B1%DA%A9%D8%A7%D8%B1%D8%AE%D8%A7%D9%86%D9%87-%D9%85%D9%86%D8%A7%D8%B3%D8%A8-%D9%87%D8%B1%D9%86%D9%88%D8%B9-%D9%81%D8%B9%D8%A7%D9%84%DB%8C%D8%AA-%D8%AF%D8%B1%DA%86%D8%B1%D9%85%D8%B4%D9%87%D8%B1-%D9%88%D8%B1%D8%A7%D9%85%DB%8C%D9%86/QZBbhhFW
عروس هلندی سالم و مولد روی تخم,"['۳,۵۰۰,۰۰۰ تومان']",{},,https://divar.ir/v/%D8%B9%D8%B1%D9%88%D8%B3-%D9%87%D9%84%D9%86%D8%AF%DB%8C-%D8%B3%D8%A7%D9%84%D9%85-%D9%88-%D9%85%D9%88%D9%84%D8%AF-%D8%B1%D9%88%DB%8C-%D8%AA%D8%AE%D9%85/QZBbhuKm
تشک درابعاد مختلف/استاندارد پارچه نخ,"['نو', '۱,۱۹۰,۰۰۰ تومان']",{},,https://divar.ir/v/%D8%AA%D8%B4%DA%A9-%D8%AF%D8%B1%D8%A7%D8%A8%D8%B9%D8%A7%D8%AF-%D9%85%D8%AE%D8%AA%D9%84%D9%81-%D8%A7%D8%B3%D8%AA%D8%A7%D9%86%D8%AF%D8%A7%D8%B1%D8%AF-%D9%BE%D8%A7%D8%B1%DA%86%D9%87-%D9%86%D8%AE/QZBbhsHh
پیراهن کبریتی مخمل ،اورجینال، ضخیم، خارجی,"['نو', '۹۸۰,۰۰۰ تومان']","{'زنانه/مردانه': 'مردانه', 'وضعیت': 'نو', 'تولیدکننده': 'خارجی', 'نوع لباس': 'سایر', 'آخرین به\u200cروزرسانی آگهی': 'دقایقی پیش', 'قیمت': '۹۸۰٬۰۰۰ تومان'}","سلام همراهان دکتر شلوار

پیراهن ،مخمل کبریتی ،اورجینال

برند JACK & JONES هست

تولید بنگلادش هست

اینکار قواره دار هست

تضمین قیمت داره

و اگر این قیمت جاهای دیگه پیدا کردید هزینه مرجوع میشه و کار کادو داده میشه

تضمین جنس داره دوستان ،
بعد از شستشو رنگ داد دون دون شد یا سایز عوض کرد پس گرفته میشه

تک رنگ هست

عزیزان شناسنامه کار روش هست و نیازی نیست روی اورجینال بودنش تاکید کنیم

تعداد محدود هست

برای راهنمایی سایز چت دیوار پاسخ گو هستم

فروش بصورت تکی هست

فروش حضوری داریم
ارسال ب سراسر کشور داریم",https://divar.ir/v/%D9%BE%DB%8C%D8%B1%D8%A7%D9%87%D9%86-%DA%A9%D8%A8%D8%B1%DB%8C%D8%AA%DB%8C-%D9%85%D8%AE%D9%85%D9%84-%D8%A7%D9%88%D8%B1%D8%AC%DB%8C%D9%86%D8%A7%D9%84-%D8%B6%D8%AE%DB%8C%D9%85-%D8%AE%D8%A7%D8%B1%D8%AC%DB%8C/QZBbRkNA
دوعددکیف چرم وسالم مردانه,"['در حد نو', '۱,۱۱۱ تومان']",{},,https://divar.ir/v/%D8%AF%D9%88%D8%B9%D8%AF%D8%AF%DA%A9%DB%8C%D9%81-%DA%86%D8%B1%D9%85-%D9%88%D8%B3%D8%A7%D9%84%D9%85-%D9%85%D8%B1%D8%AF%D8%A7%D9%86%D9%87/QZBbBtqn
با ۴۰۰ م با وام سالانه نزدیک ایران مال مالک شوید,[],{},,https://divar.ir/v/%D8%A8%D8%A7-%DB%B4%DB%B0%DB%B0-%D9%85-%D8%A8%D8%A7-%D9%88%D8%A7%D9%85-%D8%B3%D8%A7%D9%84%D8%A7%D9%86%D9%87-%D9%86%D8%B2%D8%AF%DB%8C%DA%A9-%D8%A7%DB%8C%D8%B1%D8%A7%D9%86-%D9%85%D8%A7%D9%84-%D9%85%D8%A7%D9%84%DA%A9-%D8%B4%D9%88%DB%8C%D8%AF/QZAPqetL
آپارتمان 70متری ربذه شمالی,"['ودیعه: ۲۵۰,۰۰۰,۰۰۰ تومان', 'اجاره: ۶,۰۰۰,۰۰۰ تومان']","{'ودیعه': '۲۵۰٬۰۰۰٬۰۰۰ تومان', 'اجارهٔ ماهانه': '۶٬۰۰۰٬۰۰۰ تومان', 'ودیعه و اجاره': 'غیر قابل تبدیل', 'طبقه': '۱ از ۵'}",بسیار خوش نقشه,https://divar.ir/v/%D8%A2%D9%BE%D8%A7%D8%B1%D8%AA%D9%85%D8%A7%D9%86-70%D9%85%D8%AA%D8%B1%DB%8C-%D8%B1%D8%A8%D8%B0%D9%87-%D8%B4%D9%85%D8%A7%D9%84%DB%8C/QZBbRkn2
پژو 207i پانوراما دنده‌ای، مدل ۱۴۰۲,"['۳۵ کیلومتر', '۷۶۰,۰۰۰,۰۰۰ تومان']",{},,https://divar.ir/v/%D9%BE%DA%98%D9%88-207i-%D9%BE%D8%A7%D9%86%D9%88%D8%B1%D8%A7%D9%85%D8%A7-%D8%AF%D9%86%D8%AF%D9%87-%D8%A7%DB%8C-%D9%85%D8%AF%D9%84-%DB%B1%DB%B4%DB%B0%DB%B2/QZBbBKtf
تولید و پخش تشک رویال به صورت تک و عمده,"['نو', '۲,۵۰۰,۰۰۰ تومان']",{},,https://divar.ir/v/%D8%AA%D9%88%D9%84%DB%8C%D8%AF-%D9%88-%D9%BE%D8%AE%D8%B4-%D8%AA%D8%B4%DA%A9-%D8%B1%D9%88%DB%8C%D8%A7%D9%84-%D8%A8%D9%87-%D8%B5%D9%88%D8%B1%D8%AA-%D8%AA%DA%A9-%D9%88-%D8%B9%D9%85%D8%AF%D9%87/QZ85VAMU
ظروف برنج...,"['در حد نو', '۴,۰۰۰,۰۰۰ تومان']","{'وضعیت': 'در حد نو', 'مایل به معاوضه': 'نیستم', 'قیمت': '۴٬۰۰۰٬۰۰۰ تومان (مقطوع)'}","باسلام و درود... یک عدد گلدان برنج و دستمال کاغذی با سطل زباله برنج اصل... کاملان سالم به فروش میرسد.. عزیزان جنس اسلامشهر میباشد

توجه:
قیمت کالا مقطوع است و تخفیف ندارد.",https://divar.ir/v/%D8%B8%D8%B1%D9%88%D9%81-%D8%A8%D8%B1%D9%86%D8%AC/QZBbRtTp
سامسونگ Galaxy S23 Ultra ۲۵۶ گیگابایت,"['در حد نو', '۴۱,۰۰۰,۰۰۰ تومان']",{},,https://divar.ir/v/%D8%B3%D8%A7%D9%85%D8%B3%D9%88%D9%86%DA%AF-galaxy-s23-ultra-%DB%B2%DB%B5%DB%B6-%DA%AF%DB%8C%DA%AF%D8%A7%D8%A8%D8%A7%DB%8C%D8%AA/QZBbhtq_
خط تولید انواع کود گرانوله,"['کارکرده', '۱,۲۰۰,۰۰۰,۰۰۰ تومان']",{},,https://divar.ir/v/%D8%AE%D8%B7-%D8%AA%D9%88%D9%84%DB%8C%D8%AF-%D8%A7%D9%86%D9%88%D8%A7%D8%B9-%DA%A9%D9%88%D8%AF-%DA%AF%D8%B1%D8%A7%D9%86%D9%88%D9%84%D9%87/QZ4afaeF
چاپ سابلیمیشن,[],{},,https://divar.ir/v/%DA%86%D8%A7%D9%BE-%D8%B3%D8%A7%D8%A8%D9%84%DB%8C%D9%85%DB%8C%D8%B4%D9%86/QZBXxqCD
خدمات کفسابی وسنگ سابی وساب زنی وکف ساب ونماشویی,['کف\u200cسابی، نماشویی...'],{},,https://divar.ir/services/cleaning/csCkn
چپق,"['۴۰۰,۰۰۰ تومان']",{'قیمت': '۴۰۰٬۰۰۰ تومان'},چپق چوبی با کنده کاری دستی,https://divar.ir/v/%DA%86%D9%BE%D9%82/QZBbhdxA
۱۲۵ متر ۳ خواب پونک سردار جنگل نوساز,"['۱۵,۸۰۰,۰۰۰,۰۰۰ تومان']","{'قیمت کل': '۱۵٬۸۰۰٬۰۰۰٬۰۰۰ تومان', 'قیمت هر متر': '۱۲۶٬۴۰۰٬۰۰۰ تومان', 'طبقه': '۲'}","سازه ای ماندگار از سازنده بنام 

دنج ترین فرعی منطقه با بهترین دسترسی

پونک _ سردار جنگل


١۲۵ متر
۳ خواب بزرگ ( ۱ اتاق مستر )

فول امکانات 
پارکینگ ، آسانسور ، انباری ، بالکن 

در بهترین طبقه 
نقشه ژرنالی مناسب هر سلیقه ای 
سالن سر تا سر پرده خور 
شناور در آفتاب و نور 

مشاور و کارشناس منطقه : زمانی",https://divar.ir/v/%DB%B1%DB%B2%DB%B5-%D9%85%D8%AA%D8%B1-%DB%B3-%D8%AE%D9%88%D8%A7%D8%A8-%D9%BE%D9%88%D9%86%DA%A9-%D8%B3%D8%B1%D8%AF%D8%A7%D8%B1-%D8%AC%D9%86%DA%AF%D9%84-%D9%86%D9%88%D8%B3%D8%A7%D8%B2/QZBbBijw
بادکنک ارایی وگل آرایی,[],{},,https://divar.ir/v/%D8%A8%D8%A7%D8%AF%DA%A9%D9%86%DA%A9-%D8%A7%D8%B1%D8%A7%DB%8C%DB%8C-%D9%88%DA%AF%D9%84-%D8%A2%D8%B1%D8%A7%DB%8C%DB%8C/AZHC16lW
ماکت راهسازی HY TRUCK,"['۱,۲۵۰,۰۰۰ تومان']",{},,https://divar.ir/v/%D9%85%D8%A7%DA%A9%D8%AA-%D8%B1%D8%A7%D9%87%D8%B3%D8%A7%D8%B2%DB%8C-hy-truck/QZBbhryZ
رومبلی تمیز,"['کارکرده', '۴۵۰,۰۰۰ تومان']",{},,https://divar.ir/v/%D8%B1%D9%88%D9%85%D8%A8%D9%84%DB%8C-%D8%AA%D9%85%DB%8C%D8%B2/QZBbBr4G
بوت برند منگو سایز ۴۱,"['نو', '۳,۱۰۰,۰۰۰ تومان']","{'زنانه/مردانه': 'زنانه', 'وضعیت': 'نو', 'نوع کفش': 'نیم\u200cبوت', 'تولیدکننده': 'خارجی', 'نوع کالا': 'کفش', 'قیمت': '۳٬۱۰۰٬۰۰۰ تومان'}","۲جفت بوت برند منگو خریداری شده از سایت منگو 
کاملا نو و بدون استفاده همراه با تگ
این کار در سایت منگو ۵ملیون فروش میرود
دررصورت خرید حتما تخفیف داده میشود",https://divar.ir/v/%D8%A8%D9%88%D8%AA-%D8%A8%D8%B1%D9%86%D8%AF-%D9%85%D9%86%DA%AF%D9%88-%D8%B3%D8%A7%DB%8C%D8%B2-%DB%B4%DB%B1/QZBbRrUi
۷۸ متر فول,"['۸,۰۰۰,۰۰۰,۰۰۰ تومان']","{'قیمت کل': '۸٬۰۰۰٬۰۰۰٬۰۰۰ تومان', 'قیمت هر متر': '۱۰۲٬۵۶۴٬۰۰۰ تومان', 'طبقه': '۴'}","۷۸ متر 
۲ خواب
پارکینگ و انباری و اسانسور 
بسیار خوش نقشه
محله دنج 
ورودی شیان 
سند تکبرگ و بدون ریشه
زیر قبمت منطقه



موردهای مشابه در منطقه شیان و لویزان",https://divar.ir/v/%DB%B7%DB%B8-%D9%85%D8%AA%D8%B1-%D9%81%D9%88%D9%84/QZBbRUHN
نخ بوبینی اصل,"['نو', '۵۷۶,۰۰۰ تومان']","{'وضعیت': 'نو', 'مایل به معاوضه': 'نیستم', 'قیمت': '۵۷۶٬۰۰۰ تومان'}","۳ کیلو و ۶۰۰ نخ تریکو بوبینی اصل کیلو ۱۶۰ تومان
همه باهم فروخته میشن.",https://divar.ir/v/%D9%86%D8%AE-%D8%A8%D9%88%D8%A8%DB%8C%D9%86%DB%8C-%D8%A7%D8%B5%D9%84/QZ3CNBLW
در حد نو,"['در حد نو', '۷۰۰,۰۰۰ تومان']","{'وضعیت': 'در حد نو', 'مایل به معاوضه': 'هستم', 'قیمت': '۷۰۰٬۰۰۰ تومان (مقطوع)'}","اصلا استفاده نشده چون به وسایل منزل نمیومد

توجه:
قیمت کالا مقطوع است و تخفیف ندارد.",https://divar.ir/v/%D8%AF%D8%B1-%D8%AD%D8%AF-%D9%86%D9%88/QZBbxqYr
سطل پدالی سرویس بهداشتی,"['نو', '۱,۰۰۰ تومان']","{'وضعیت': 'نو', 'قیمت': '۱٬۰۰۰ تومان'}",باسلام 10 عدد سطل پدالی سرویس بهداشتی کاملا نو مغازه داشتم جمع کردم اینا برام مونده قیمت تکی 50 یکجا باهم 40 تومن قابل ارسال و تحویل حضوری باتشکر,https://divar.ir/v/%D8%B3%D8%B7%D9%84-%D9%BE%D8%AF%D8%A7%D9%84%DB%8C-%D8%B3%D8%B1%D9%88%DB%8C%D8%B3-%D8%A8%D9%87%D8%AF%D8%A7%D8%B4%D8%AA%DB%8C/QZBbRp-y
شیائومی پوکو F4 GT با حافظهٔ ۲۵۶ گیگابایت,"['در حد نو', '۱۵,۰۰۰,۰۰۰ تومان']","{'وضعیت': 'در حد نو', 'اصالت برند': 'اصل', 'تعداد سیم\u200cکارت': '۲ عدد', 'حافظهٔ داخلی': '۲۵۶ گیگابایت', 'مقدار رم': '۱۲ گیگابایت', 'رنگ': 'مشکی Stealth', 'قیمت': '۱۵٬۰۰۰٬۰۰۰ تومان (مقطوع)'}","256/12
کارتن شارژر انتقال مالکیت

توجه:
قیمت کالا مقطوع است و تخفیف ندارد.",https://divar.ir/v/%D8%B4%DB%8C%D8%A7%D8%A6%D9%88%D9%85%DB%8C-%D9%BE%D9%88%DA%A9%D9%88-f4-gt-%D8%A8%D8%A7-%D8%AD%D8%A7%D9%81%D8%B8%D9%87%D9%94-%DB%B2%DB%B5%DB%B6-%DA%AF%DB%8C%DA%AF%D8%A7%D8%A8%D8%A7%DB%8C%D8%AA/QZAb-rWI
۸۰ متر۲خواب *تک واحدی* کلید نخورده,"['۱۲,۷۰۰,۰۰۰,۰۰۰ تومان']",{},,https://divar.ir/v/%DB%B8%DB%B0-%D9%85%D8%AA%D8%B1%DB%B2%D8%AE%D9%88%D8%A7%D8%A8-%D8%AA%DA%A9-%D9%88%D8%A7%D8%AD%D8%AF%DB%8C-%DA%A9%D9%84%DB%8C%D8%AF-%D9%86%D8%AE%D9%88%D8%B1%D8%AF%D9%87/QZBbxeoe
اکانت کالاف دیوتی موبایل,"['۳۰,۰۰۰,۰۰۰ تومان']","{'نوع کالا': 'اکانت', 'قیمت': '۳۰٬۰۰۰٬۰۰۰ تومان (مقطوع)', 'مایل به معاوضه': 'هستم'}","چنچ خور برای اولین نفر

توجه:
قیمت کالا مقطوع است و تخفیف ندارد.",https://divar.ir/v/%D8%A7%DA%A9%D8%A7%D9%86%D8%AA-%DA%A9%D8%A7%D9%84%D8%A7%D9%81-%D8%AF%DB%8C%D9%88%D8%AA%DB%8C-%D9%85%D9%88%D8%A8%D8%A7%DB%8C%D9%84/QZBbBq_P
گلگون شهرک صنعتی۴۷۰متر,"['ودیعه: ۱,۰۰۰,۰۰۰ تومان', 'اجاره: ۱۰۰,۰۰۰ تومان']",{},,https://divar.ir/v/%DA%AF%D9%84%DA%AF%D9%88%D9%86-%D8%B4%D9%87%D8%B1%DA%A9-%D8%B5%D9%86%D8%B9%D8%AA%DB%8C%DB%B4%DB%B7%DB%B0%D9%85%D8%AA%D8%B1/QZ5KFBzd
بشقاب تزیینی دیوار کوب,"['نو', '۴۰,۰۰۰ تومان']","{'وضعیت': 'نو', 'مایل به معاوضه': 'نیستم', 'قیمت': '۴۰٬۰۰۰ تومان'}","یک عدد بشقاب تزیینی طلا کوب.
کاملا نو.
دارای قلاب جهت نصب روی دیوار.
دارای پایه پلاستیکی.
چت دیوار پاسخگو هستم.",https://divar.ir/v/%D8%A8%D8%B4%D9%82%D8%A7%D8%A8-%D8%AA%D8%B2%DB%8C%DB%8C%D9%86%DB%8C-%D8%AF%DB%8C%D9%88%D8%A7%D8%B1-%DA%A9%D9%88%D8%A8/QZBbRNlB
دستیار کار ناخن,['پرداخت توافقی'],{},,https://divar.ir/v/%D8%AF%D8%B3%D8%AA%DB%8C%D8%A7%D8%B1-%DA%A9%D8%A7%D8%B1-%D9%86%D8%A7%D8%AE%D9%86/QZBXBxm3
ظروف سبز ست,"['نو', '۱۱۰,۰۰۰ تومان']","{'وضعیت': 'نو', 'مایل به معاوضه': 'نیستم', 'قیمت': '۱۱۰٬۰۰۰ تومان'}","اردوخوری سایز بزرگ نو نو ۱۱۰ت
گلدان طرح آناناسی ۷۰ت
هردو نونو هستن و جعبه هم دارن",https://divar.ir/v/%D8%B8%D8%B1%D9%88%D9%81-%D8%B3%D8%A8%D8%B2-%D8%B3%D8%AA/QZBPBvSr
۷۲متر/دو خواب/غرق نور/سالن پرده خور,"['ودیعه: ۷۳۰,۰۰۰,۰۰۰ تومان', 'رهن کامل']","{'ودیعه': '۷۳۰٬۰۰۰٬۰۰۰ تومان', 'اجارهٔ ماهانه': 'مجانی', 'ودیعه و اجاره': 'غیر قابل تبدیل', 'طبقه': '۱ از ۲'}","عکسها و فیلم متعلق به واحد می باشد
کلید تحویل املاک 
۷۲متر دو خواب 
طبقه اول 
دو خواب بزرگ و استاندارد 
سالن پرده خور غرق نور 
خوش نقشه و عالی 
فول بازسازی شده با بهترین متریال 
قابلیت تمدید چند سال 
مناسب زوج های جوان 
شیک و مرتب 

جهت اطلاعات بیشتر تماس بگیرید 
مشاور شما 
یزدان",https://divar.ir/v/%DB%B7%DB%B2%D9%85%D8%AA%D8%B1-%D8%AF%D9%88-%D8%AE%D9%88%D8%A7%D8%A8-%D8%BA%D8%B1%D9%82-%D9%86%D9%88%D8%B1-%D8%B3%D8%A7%D9%84%D9%86-%D9%BE%D8%B1%D8%AF%D9%87-%D8%AE%D9%88%D8%B1/QZ1yPNbH
تخت و سرویس خواب مدل ستایش,"['نو', '۱۲,۷۵۰,۰۰۰ تومان']","{'وضعیت': 'نو', 'آخرین به\u200cروزرسانی آگهی': 'دقایقی پیش', 'قیمت': '۱۲٬۷۵۰٬۰۰۰ تومان'}","تخت دونفره ابعاد ۱۶۰ در ۲۰۰
جنس کار ام دی اف پایه چوب
لمسه رنگ دلخواه مشتری 
تحویل کار ۷ الی ۱۰ روزه کاری
پخش انواع تشک رویا و رویال",https://divar.ir/v/%D8%AA%D8%AE%D8%AA-%D9%88-%D8%B3%D8%B1%D9%88%DB%8C%D8%B3-%D8%AE%D9%88%D8%A7%D8%A8-%D9%85%D8%AF%D9%84-%D8%B3%D8%AA%D8%A7%DB%8C%D8%B4/AZH3-lPo
انگشتر نقره,"['در حد نو', '۱,۰۰۰,۰۰۰ تومان']","{'وضعیت': 'در حد نو', 'مایل به معاوضه': 'هستم', 'قیمت': '۱٬۰۰۰٬۰۰۰ تومان'}","انگشتر دونه ای یک تومان تا یک وپانصدهمه کاردستی ومهر دارن
گرمی ۴۵ یه جا 
یک ریال هم کمتر نمیدم خواهشاً وقت خراب نکن ان تومن میدی ان تومن خریدارم 
معاوضه با کاپشن اسکی وباند ماشین دارم فقط پایونیر",https://divar.ir/v/%D8%A7%D9%86%DA%AF%D8%B4%D8%AA%D8%B1-%D9%86%D9%82%D8%B1%D9%87/QZBbxm6c
اسکی مارک سالم به شرط,"['در حد نو', '۱۲,۰۰۰,۰۰۰ تومان']","{'وضعیت': 'در حد نو', 'مایل به معاوضه': 'نیستم', 'قیمت': '۱۲٬۰۰۰٬۰۰۰ تومان'}",اسکی مارک همراه با کفش و عینک سالم به شرط به علت مهاجرت فروخته می‌شود مارک برتون خارجی اصل,https://divar.ir/v/%D8%A7%D8%B3%DA%A9%DB%8C-%D9%85%D8%A7%D8%B1%DA%A9-%D8%B3%D8%A7%D9%84%D9%85-%D8%A8%D9%87-%D8%B4%D8%B1%D8%B7/QZBbRVgW
لباس شب سایز ۴۶تا ۴۸,"['در حد نو', '۱,۰۰۰,۰۰۰ تومان']","{'زنانه/مردانه': 'زنانه', 'وضعیت': 'در حد نو', 'نوع لباس': 'لباس مجلسی', 'قیمت': '۱٬۰۰۰٬۰۰۰ تومان (مقطوع)'}","خودم ۲۵۰۰دوختمش گذاشتم ۱میلیون مقطوع

توجه:
قیمت کالا مقطوع است و تخفیف ندارد.",https://divar.ir/v/%D9%84%D8%A8%D8%A7%D8%B3-%D8%B4%D8%A8-%D8%B3%D8%A7%DB%8C%D8%B2-%DB%B4%DB%B6%D8%AA%D8%A7-%DB%B4%DB%B8/QZBbxm50
میز تلویزیون سالم,"['کارکرده', '۱,۵۰۰,۰۰۰ تومان']",{},,https://divar.ir/v/%D9%85%DB%8C%D8%B2-%D8%AA%D9%84%D9%88%DB%8C%D8%B2%DB%8C%D9%88%D9%86-%D8%B3%D8%A7%D9%84%D9%85/QZBbRmI2
خورشت خوری گلسرخ,"['کارکرده', '۱,۵۰۰,۰۰۰ تومان']","{'وضعیت': 'کارکرده', 'مایل به معاوضه': 'نیستم', 'قیمت': '۱٬۵۰۰٬۰۰۰ تومان'}",۲۰ عدد خورشت خوری گلسرخی سالم,https://divar.ir/v/%D8%AE%D9%88%D8%B1%D8%B4%D8%AA-%D8%AE%D9%88%D8%B1%DB%8C-%DA%AF%D9%84%D8%B3%D8%B1%D8%AE/QZBbBm6z
۱۱۶متر*بهترین*و*خاصترین*برج سند آماده ملودی پارک,"['۱۷,۳۵۰,۰۰۰,۰۰۰ تومان']","{'قیمت کل': '۱۷٬۳۵۰٬۰۰۰٬۰۰۰ تومان', 'قیمت هر متر': '۱۴۹٬۵۶۸٬۰۰۰ تومان', 'طبقه': '۳ از ۷'}","برج باغ مدرن و لوکس ملودی پارک
 !!! سند ها،همه آماده انتقال !!!
سند شخصی تک برگ 
۱۱۶متر ۲ خواب بدون مشرف و کلا رو به بیرون
امکانات منحصر به فرد
استخر سونا جکوزی باشگاه بدنسازی سالن اجتماعات مهد کودک لابی لوکس و مدرن و ...
تیم نگهبانی+تیم خدماتی
در عالی ترین موقعیت و در بهترین محله
 به قیمت ترین واحد کلید نخورده ی سند دار بهنام
فول مشاعات
متریال عالی
 خرید مستقیم از سازنده
برای اطلاعات بیشتر تماس حاصل فرمایید.
 _$_آقای فرهود_$_",https://divar.ir/v/%DB%B1%DB%B1%DB%B6%D9%85%D8%AA%D8%B1-%D8%A8%D9%87%D8%AA%D8%B1%DB%8C%D9%86-%D9%88-%D8%AE%D8%A7%D8%B5%D8%AA%D8%B1%DB%8C%D9%86-%D8%A8%D8%B1%D8%AC-%D8%B3%D9%86%D8%AF-%D8%A2%D9%85%D8%A7%D8%AF%D9%87-%D9%85%D9%84%D9%88%D8%AF%DB%8C-%D9%BE%D8%A7%D8%B1%DA%A9/QZnqWgpJ
هندفن سیمی سونی,"['نو', '۴۰۰,۰۰۰ تومان']","{'مایل به معاوضه': 'نیستم', 'قیمت': '۴۰۰٬۰۰۰ تومان', 'نوع کالا': 'هندزفری و هدفون', 'وضعیت': 'نو'}","سلام هدفون سیمی سونی رنگ مشکی
نو داخل کارتن سالم قیمت پاین گذاشتم",https://divar.ir/v/%D9%87%D9%86%D8%AF%D9%81%D9%86-%D8%B3%DB%8C%D9%85%DB%8C-%D8%B3%D9%88%D9%86%DB%8C/QZBbxlRt
هودی و شلوار ست مخمل,"['نو', '۵۰۰,۰۰۰ تومان']","{'زنانه/مردانه': 'زنانه', 'وضعیت': 'نو', 'نوع لباس': 'سایر', 'قیمت': '۵۰۰٬۰۰۰ تومان'}","جنس مخمل کشی باکیفیت
مناسب سایز ۳۴تا۳۸",https://divar.ir/v/%D9%87%D9%88%D8%AF%DB%8C-%D9%88-%D8%B4%D9%84%D9%88%D8%A7%D8%B1-%D8%B3%D8%AA-%D9%85%D8%AE%D9%85%D9%84/QZBbRlP1
خدمات نقاشی ساختمان نقاش ساختمانی تمام نقاط تهران,['نقاشی ساختمان'],{},,https://divar.ir/services/craftsmen/naghash-sakhtemoon
60متر ۱ خوابه ** ۳ساله**ظفردولتشاد غربی نور مستقیم,"['۱۱,۴۰۰,۰۰۰,۰۰۰ تومان']","{'قیمت کل': '۱۱٬۴۰۰٬۰۰۰٬۰۰۰ تومان', 'قیمت هر متر': '۱۹۰٬۰۰۰٬۰۰۰ تومان', 'طبقه': '۳'}","فایل ۱۰۰درصد شخصی 

سالن + اشپزخانه + اتاق خواب نور مستقیم‌کوچه 
اپارتمان شخصی ساز

مشاور شما مهدی ملک 

مسکن دیار",https://divar.ir/v/60%D9%85%D8%AA%D8%B1-%DB%B1-%D8%AE%D9%88%D8%A7%D8%A8%D9%87-%DB%B3%D8%B3%D8%A7%D9%84%D9%87-%D8%B8%D9%81%D8%B1%D8%AF%D9%88%D9%84%D8%AA%D8%B4%D8%A7%D8%AF-%D8%BA%D8%B1%D8%A8%DB%8C-%D9%86%D9%88%D8%B1-%D9%85%D8%B3%D8%AA%D9%82%DB%8C%D9%85/QZxyQ-kN
تسبیح سندلوس و کشکول,"['کارکرده', '۲,۰۰۰,۰۰۰ تومان']","{'وضعیت': 'کارکرده', 'قیمت': '۲٬۰۰۰٬۰۰۰ تومان (مقطوع)'}","درود دوستان آگهی از شهر ساوه میباشد 
یک عدد تسبیح سندلوس دو پوست به وزن ۲۲۰ گرم کهنه و دست خورده و یک عدد تسبیح کشکول مسکوب نقره کوب شده 
جفت با هم ۲ میلیون مقطوع 
پول یکدونه کشکول رو گذاشتم چون اهل تسبیح نیستم هر عزیزی پسندش بود در خدمتم
معاوضه ندارم
یا حق

توجه:
قیمت کالا مقطوع است و تخفیف ندارد.",https://divar.ir/v/%D8%AA%D8%B3%D8%A8%DB%8C%D8%AD-%D8%B3%D9%86%D8%AF%D9%84%D9%88%D8%B3-%D9%88-%DA%A9%D8%B4%DA%A9%D9%88%D9%84/QZBXxy98
صندلی پلاستیکی ست با میز طرح جوزفا(کارخانه),"['نو', '۲,۵۰۰,۰۰۰ تومان']","{'وضعیت': 'نو', 'آخرین به\u200cروزرسانی آگهی': 'دقایقی پیش', 'قیمت': '۲٬۵۰۰٬۰۰۰ تومان'}","✅امکان مراجعه حضوری و بازدید از کارخانه 

❤️کارخانه شهر صندلی ایران با وسعت ده هزار متر میزبان شما مشتریان عزیز میباشد حتی در ایام تعطیل
❇️ارزانترین قیمت و بهترین کیفیت و متریال را با ما تجربه کنید 
❇️امکان ارسال سراسر کشور کمتر از ۲۴ساعت
❇️امکان ارسال همه ی نقاط تهران کمتر از نیم ساعت 
❇️تمام محصولات کاملا مواد نو‌
تحویل درب کارخانه کهریزک",https://divar.ir/v/%D8%B5%D9%86%D8%AF%D9%84%DB%8C-%D9%BE%D9%84%D8%A7%D8%B3%D8%AA%DB%8C%DA%A9%DB%8C-%D8%B3%D8%AA-%D8%A8%D8%A7-%D9%85%DB%8C%D8%B2-%D8%B7%D8%B1%D8%AD-%D8%AC%D9%88%D8%B2%D9%81%D8%A7-%DA%A9%D8%A7%D8%B1%D8%AE%D8%A7%D9%86%D9%87/QZneIK0h
فرش ۷۰۰شانه کاشان / سایزبندی,"['نو', '۳,۵۰۰,۰۰۰ تومان']","{'بافت': 'ماشینی', 'ابعاد': '۶ متری (۲ در ۳ متر)', 'وضعیت': 'نو', 'آخرین به\u200cروزرسانی آگهی': 'دقایقی پیش', 'قیمت': '۳٬۵۰۰٬۰۰۰ تومان'}","فرش ماشینی بافت کاشان
آکبند و تخفیفی کارخانه
طرح700شانه ریزبافت تراکم 2550
 فرش کاشان بافت درجه۱
٪ به قیمت تخفیفی کارخانه ٪

✅ فرش 12متری تخته ای 6900 تومان
✅ فرش 9متری تخته ای 5800 تومان
✅ فرش 6متری تخته ای 3500 تومان
با انواع قالیچه ۴متری و ۱در۱.۵ و سایز های مختلف

کیفیت عالی و فوق العاده
بسیار ریزبافت و شکیل
در چند سایز و رنگ مختلف
ضد حساسیت و پرزدهی
با ضمانت کارخانه 
<<تنها یک شعبه در تهران. بلوار ابوذر>>

انواع فرش ارزان و تخفیفی ۵۰۰شانه و فرش ۷۰۰شانه
فرش ۱۰۰۰شانه و فرش ۱۲۰۰شانه و فرش برجسته
با طرح ها و رنگهای گوناگون
 به قیمت پخش از کارخانه

❌همه روزه از ۱۰صبح تا ۹شب یکسره❌
❌️فروشگاه تخفیفی فرش شاهان ❌️",https://divar.ir/v/%D9%81%D8%B1%D8%B4-%DB%B7%DB%B0%DB%B0%D8%B4%D8%A7%D9%86%D9%87-%DA%A9%D8%A7%D8%B4%D8%A7%D9%86-%D8%B3%D8%A7%DB%8C%D8%B2%D8%A8%D9%86%D8%AF%DB%8C/QZI1uny9
فرش۶متری و ۹متری و ۱۲متری / کاشان,"['نو', '۱,۴۰۰,۰۰۰ تومان']","{'بافت': 'ماشینی', 'ابعاد': '۶ متری (۲ در ۳ متر)', 'وضعیت': 'نو', 'آخرین به\u200cروزرسانی آگهی': 'دقایقی پیش', 'قیمت': '۱٬۴۰۰٬۰۰۰ تومان'}","فرش ماشینی ارزان قیمت و آکبند و تخفیفی
با کیفیت خوب و زیبا
از طرح های ۷۰۰شانه
۴۴۰شانه تراکم ۷۰۰
۶رنگ درجه۱
٪ قیمت مناسب و تخفیفی کارخانه ٪
مناسب برای باغ و ویلا و اتاق و پذیرایی و جهازیه

✅ فرش 12متری تخته ای 3 تومان
✅ فرش 9متری تخته ای 2400 تومان
✅ فرش 6متری تخته ای 1400 تومان
با قالیچه در سایز های مختلف

ابعاد قالیچه ۱در۱.۵ و ۴متری و ۶متری و ۹متری و ۱۲متری موجود میباشد

فرش ۵۰۰شانه و فرش ۷۰۰شانه و فرش ۱۰۰۰شانه و فرش ۱۲۰۰شانه با قیمتهای تخفیفی

بیش از ۵۰۰مدل فرش با قیمتها و کیفیت های مختلف
در فروشگاه فرش شاهان / شرق تهران",https://divar.ir/v/%D9%81%D8%B1%D8%B4%DB%B6%D9%85%D8%AA%D8%B1%DB%8C-%D9%88-%DB%B9%D9%85%D8%AA%D8%B1%DB%8C-%D9%88-%DB%B1%DB%B2%D9%85%D8%AA%D8%B1%DB%8C-%DA%A9%D8%A7%D8%B4%D8%A7%D9%86/QZIBfgzS
صندلی ماشین برند baby4life با ایزوفیکس ۲۵-۰,"['در حد نو', '۵,۰۰۰,۰۰۰ تومان']","{'وضعیت': 'در حد نو', 'قیمت': '۵٬۰۰۰٬۰۰۰ تومان'}","صندلی خودرو کودک برند معتبر بیبی فور لایف 
تحمل وزن ۲۵-۰ کیلوگرم
در حد نو فقط ۳ ماه استفاده شده است 
رنگ نوک مدادی به تعداد ۲ عدد دارای کارتن 
هم با کمربند بسته میشه و هم با ایزوفیکس
قابل استفاده از بدو تولد تا ۶ سالگی (۲۵ کیلوگرم )",https://divar.ir/v/%D8%B5%D9%86%D8%AF%D9%84%DB%8C-%D9%85%D8%A7%D8%B4%DB%8C%D9%86-%D8%A8%D8%B1%D9%86%D8%AF-baby4life-%D8%A8%D8%A7-%D8%A7%DB%8C%D8%B2%D9%88%D9%81%DB%8C%DA%A9%D8%B3-%DB%B2%DB%B5-%DB%B0/QZ66Tus5
رویه بالشت دوخت شده اندازه استانداردودلخواه,"['نو', '۱,۰۵۰,۰۰۰ تومان']","{'وضعیت': 'نو', 'مایل به معاوضه': 'نیستم', 'قیمت': '۱٬۰۵۰٬۰۰۰ تومان'}","رویه ای بالشت گردوچهارگوش اصلی دراندازه های 
استانداردواندازه دلخواه جنس مبلی سنگ شوروزخیم نرم وبالطافت بدون ساییدگی هرشش عددبه صورت
تکی وعمده ***********",https://divar.ir/v/%D8%B1%D9%88%DB%8C%D9%87-%D8%A8%D8%A7%D9%84%D8%B4%D8%AA-%D8%AF%D9%88%D8%AE%D8%AA-%D8%B4%D8%AF%D9%87-%D8%A7%D9%86%D8%AF%D8%A7%D8%B2%D9%87-%D8%A7%D8%B3%D8%AA%D8%A7%D9%86%D8%AF%D8%A7%D8%B1%D8%AF%D9%88%D8%AF%D9%84%D8%AE%D9%88%D8%A7%D9%87/QZBbRhVF
خدمات اجرا طراحی سقف کاذب پلی کربنات,['سایر پیشه و مهار...'],{},,https://divar.ir/services/craftsmen/jfHKR
مانتو مجلسی,"['در حد نو', '۱,۹۰۰,۰۰۰ تومان']","{'زنانه/مردانه': 'زنانه', 'وضعیت': 'در حد نو', 'قیمت': '۱٬۹۰۰٬۰۰۰ تومان (مقطوع)'}","کت مروارید
فول پولکدوزی 
کار دست
مخمل
قد عکس ک مدل پوشیده 70 ولی من سفارشی ده سانت بلندتر گرفتم
از مزون مروارید خریدم تنها یکبار پوشیدم خودم سه تومن گرفتم ک 1900گذاشتم

توجه:
قیمت کالا مقطوع است و تخفیف ندارد.",https://divar.ir/v/%D9%85%D8%A7%D9%86%D8%AA%D9%88-%D9%85%D8%AC%D9%84%D8%B3%DB%8C/QZBXxw_i
شمع گل با رایحه رز و یاس,"['نو', '۱,۱۱۱ تومان']","{'وضعیت': 'نو', 'مایل به معاوضه': 'نیستم', 'قیمت': '۱٬۱۱۱ تومان'}",انواع شمع قالبی و بیزوکس,https://divar.ir/v/%D8%B4%D9%85%D8%B9-%DA%AF%D9%84-%D8%A8%D8%A7-%D8%B1%D8%A7%DB%8C%D8%AD%D9%87-%D8%B1%D8%B2-%D9%88-%DB%8C%D8%A7%D8%B3/QZBbxi5c
پیکان وانت CNG، مدل ۱۳۸۶,"['۱۷۱,۰۰۰ کیلومتر', '۱۰۰,۰۰۰,۰۰۰ تومان']","{'نوع سوخت': 'دوگانه\u200cسوز دستی', 'وضعیت موتور': 'سالم', 'وضعیت شاسی\u200cها': 'سالم و پلمپ', 'وضعیت بدنه': 'سالم و بی\u200cخط و خش', 'مهلت بیمهٔ شخص ثالث': '۱۲ ماه', 'گیربکس': 'دنده\u200cای', 'قیمت پایه': '۱۰۰٬۰۰۰٬۰۰۰ تومان'}",خودرو اماده به کار بوده که برای تعویض باربند مراجعه کرده بودیم خودرو از قسمت باک اتش گرفته .,https://divar.ir/v/%D9%BE%DB%8C%DA%A9%D8%A7%D9%86-%D9%88%D8%A7%D9%86%D8%AA-cng-%D9%85%D8%AF%D9%84-%DB%B1%DB%B3%DB%B8%DB%B6/QZBbRhti
کراپ پایین زنجیر،جنس کبریتی,"['نو', '۱۵۰,۰۰۰ تومان']","{'زنانه/مردانه': 'زنانه', 'وضعیت': 'نو', 'تولیدکننده': 'ایرانی', 'نوع لباس': '\u200c\u200c\u200cتیشرت', 'قیمت': '۱۵۰٬۰۰۰ تومان (مقطوع)'}","کراپ پایین زنجیر
جنس کبریتی
تضمین کیفیت ودوخت

ارسال فوری

فری سایز

توجه:
قیمت کالا مقطوع است و تخفیف ندارد.",https://divar.ir/v/%DA%A9%D8%B1%D8%A7%D9%BE-%D9%BE%D8%A7%DB%8C%DB%8C%D9%86-%D8%B2%D9%86%D8%AC%DB%8C%D8%B1-%D8%AC%D9%86%D8%B3-%DA%A9%D8%A8%D8%B1%DB%8C%D8%AA%DB%8C/QZBbRiDv
مبل دل آسا*,"['نو', '۸,۰۰۰,۰۰۰ تومان']",{},,https://divar.ir/v/%D9%85%D8%A8%D9%84-%D8%AF%D9%84-%D8%A2%D8%B3%D8%A7/QZ7ql5nI
ماشین ظرفشویی,"['کارکرده', '۷,۰۰۰,۰۰۰ تومان']","{'برند': 'مجیک', 'وضعیت': 'کارکرده', 'قیمت': '۷٬۰۰۰٬۰۰۰ تومان (مقطوع)'}","ماشین ظرفشویی مجیک ۸ نفره رومیزی 
پایه داره قابل استفاده
کلیه مشخصات در عکس هست
نیاز ب سرویس داره

توجه:
قیمت کالا مقطوع است و تخفیف ندارد.",https://divar.ir/v/%D9%85%D8%A7%D8%B4%DB%8C%D9%86-%D8%B8%D8%B1%D9%81%D8%B4%D9%88%DB%8C%DB%8C/QZBbhiTe
شهرک‌غرب خوارزم ۴۰۰ متر تریبلکس/۱۰۰ متر تراس,"['ودیعه: ۴,۰۰۰,۰۰۰,۰۰۰ تومان', 'اجاره: ۱۲۰,۰۰۰,۰۰۰ تومان']",{'متراژ زمین': '۵۰۰'},"✅بهترین و دنج ترین لوکیشن منطقه 
✅کوچه ۲ نگهبان اختصاصی با کانکس داره 
✅۱ واحد از ۲ واحد
✅ورودی کاملا مجزا و‌دربست 
✅۳ پارکینگ 
✅دارای سوییت مجزا 
✅آسانسور داخل واحد
✅چوب کاری درجه ۱ 
✅کابینت ها تماما نو 
✅فول فرنیش بوش 
✅اطاق کار 
✅✅بالابر غذا
✅سالن فلت پذیرایی و یک تکه 
✅نشیمن با شومینه کنار تراس 
✅تراس ۱۰۰ متری با دید ابدی جنگلی 
✅آشپزخانه اختصاصی کنار تراس با فضای بزرگ 
✅فضای گلخانه 
✅۲ خواب مستر بزرگ 
✅سیستم داگت اسپیلت 
✅دزدگیر 
✅دوربین مدار بسته 

توضیحات بیشتر هنگام تماس",https://divar.ir/v/%D8%B4%D9%87%D8%B1%DA%A9-%D8%BA%D8%B1%D8%A8-%D8%AE%D9%88%D8%A7%D8%B1%D8%B2%D9%85-%DB%B4%DB%B0%DB%B0-%D9%85%D8%AA%D8%B1-%D8%AA%D8%B1%DB%8C%D8%A8%D9%84%DA%A9%D8%B3-%DB%B1%DB%B0%DB%B0-%D9%85%D8%AA%D8%B1-%D8%AA%D8%B1%D8%A7%D8%B3/QZNx8I5j
اسلیم ps4یک ترا با دو دسته اکانت فورت نایت سیزن,"['کارکرده', '۱۵,۰۰۰,۰۰۰ تومان']",{},,https://divar.ir/v/%D8%A7%D8%B3%D9%84%DB%8C%D9%85-ps4%DB%8C%DA%A9-%D8%AA%D8%B1%D8%A7-%D8%A8%D8%A7-%D8%AF%D9%88-%D8%AF%D8%B3%D8%AA%D9%87-%D8%A7%DA%A9%D8%A7%D9%86%D8%AA-%D9%81%D9%88%D8%B1%D8%AA-%D9%86%D8%A7%DB%8C%D8%AA-%D8%B3%DB%8C%D8%B2%D9%86/QZBbRiIu
کارتن اسباب کشی چسب پهن,"['نو', '۱۴,۵۰۰ تومان']","{'وضعیت': 'نو', 'آخرین به\u200cروزرسانی آگهی': 'دقایقی پیش', 'قیمت': '۱۴٬۵۰۰ تومان'}","تولید و عرضه کارتن های اسباب کشی و بسته بندی
کارتن ارزاق جهت خیرین و مساجد
کارتن زونکن و انبارداری ادارات و شرکت‌ها
متنوع ترین پکیج کارتن های آماده برای تولیدی ها 
کلیه ملزومات بسته بندی و اسباب کشی منازل و شرکت‌ها
چسب پهن، ساک برزنتی لباس و رختخواب، روزنامه باطله، نخ بسته بندی، سلفون استرچ، نایلون حبابدار ضربه گیر و ....
ارسال به تمام نقاط با تپسی، اسنپ و پیک
امکان خرید حضوری در محل",https://divar.ir/v/%DA%A9%D8%A7%D8%B1%D8%AA%D9%86-%D8%A7%D8%B3%D8%A8%D8%A7%D8%A8-%DA%A9%D8%B4%DB%8C-%DA%86%D8%B3%D8%A8-%D9%BE%D9%87%D9%86/AZIPbRxe
کریستال بوهیمای,"['در حد نو', '۸,۰۰۰,۰۰۰ تومان']","{'وضعیت': 'در حد نو', 'قیمت': '۸٬۰۰۰٬۰۰۰ تومان'}","دو سرویس هستن 
دقیقا مطابق عکس
هر دو بوهیمای
هر دو سرویس با هم‌هشت میلیون می دم",https://divar.ir/v/%DA%A9%D8%B1%DB%8C%D8%B3%D8%AA%D8%A7%D9%84-%D8%A8%D9%88%D9%87%DB%8C%D9%85%D8%A7%DB%8C/QZBbxhTO
ترازو قدیمی آنتیک,"['۲۵۰,۰۰۰ تومان']",{'قیمت': '۲۵۰٬۰۰۰ تومان (مقطوع)'},"سلام دو عدد ترازوی قدیمی جفت باهم ۲۵۰ تقدیم میشه
خرید حضوری و ارسال در خدمتم

توجه:
قیمت کالا مقطوع است و تخفیف ندارد.",https://divar.ir/v/%D8%AA%D8%B1%D8%A7%D8%B2%D9%88-%D9%82%D8%AF%DB%8C%D9%85%DB%8C-%D8%A2%D9%86%D8%AA%DB%8C%DA%A9/QZBbxIO2
قصر آپاما واحد ۱۰۰متری/خوش نقشه/سنددار/نوساز/تهاتر,"['۲,۱۰۰,۰۰۰,۰۰۰ تومان']","{'قیمت کل': '۲٬۱۰۰٬۰۰۰٬۰۰۰ تومان', 'قیمت هر متر': '۲۱٬۰۰۰٬۰۰۰ تومان', 'طبقه': '۱۰'}","⚜ آغاز فروش ویژه ومحدود آپارتمان در منطقه ۲۲
 ⭐ به نام ایزد دانا

❇ فروش ویژه و استثنایی

❇ سازنده باتجربه با سابقه درخشان

❇ چشم اندازی شمالی بدون مشرف

❇ بهترین لوکیشن وامکانات هتلینگ

❇ خرید وعقد قرارداددردفتر تعاونی

❇ معماری بسیار شیک ومدرن

❇ قوی ترین رزومه سازنده منطقه 

❇ دوخواب و خوش نقشه

❇ مشاعات بی نظیر با متریال عالی

❇ درخشان ترین رزومه در منطقه

⚜ همه خانه می سازند ما قصدداریم آینده شما را بسازیم ⚜

⭕ امکانات رفاهی برج آپاما:
️استخر سونا جکوزی
️لابی و لابی من ۲۴ ساعته
️سیستم تهویه
️شوتینگ زباله
️سالن اجتماعات و ورزشی
️پارکینگ و پارکینگ مهمان
️انباری 
️فضای سبز 
️محوطه سازی 
⭕ دسترسی:
به بزرگراه های اصلی تهران، همت، مخصوص، فتح، آزادگان، مترو، دریاچه چیتگر ،ایران مال، بیمارستان فوق تخصصی تریتا ، نیکان و ..

⚜ ما در کنار شما خوبان ایستاده ایم تا شما بهترین ها را انتخاب کنید ⚜

⭕کارشناس رسمی تعاونی ابنیه ومشاور امین شما : مصطفی آقایانی
**************",https://divar.ir/v/%D9%82%D8%B5%D8%B1-%D8%A2%D9%BE%D8%A7%D9%85%D8%A7-%D9%88%D8%A7%D8%AD%D8%AF-%DB%B1%DB%B0%DB%B0%D9%85%D8%AA%D8%B1%DB%8C-%D8%AE%D9%88%D8%B4-%D9%86%D9%82%D8%B4%D9%87-%D8%B3%D9%86%D8%AF%D8%AF%D8%A7%D8%B1-%D9%86%D9%88%D8%B3%D8%A7%D8%B2-%D8%AA%D9%87%D8%A7%D8%AA%D8%B1/QZA7cMw2
سرویس ارکوپال نو جمیا مشکی طلایی,"['نو', '۴,۵۰۰,۰۰۰ تومان']","{'وضعیت': 'نو', 'قیمت': '۴٬۵۰۰٬۰۰۰ تومان (مقطوع)'}","شیک و خاص 
باکیفیت 
مناسب ماشین ظرفشویی و ماکروفر 
خودش از عکساش قشنگتره، 
مجبورم بدلیل مهاجرت بفروشمشون 
تابحال استفاده نشده 
پلوخوری 
خورشت خوری 
میوه خوری 
کاسه ماست 
کاسه ترشی 
کاسه سالاد 
نمکدان 
فنجان 
نعلبکی 
قندان 
دیس اردو 
دیس پلو 
سسخوری
خرید بصورت حضوری و ارسال ب تهران و شهرستان

توجه:
قیمت کالا مقطوع است و تخفیف ندارد.",https://divar.ir/v/%D8%B3%D8%B1%D9%88%DB%8C%D8%B3-%D8%A7%D8%B1%DA%A9%D9%88%D9%BE%D8%A7%D9%84-%D9%86%D9%88-%D8%AC%D9%85%DB%8C%D8%A7-%D9%85%D8%B4%DA%A9%DB%8C-%D8%B7%D9%84%D8%A7%DB%8C%DB%8C/QZBbBQgN
اسپلایزر 2000 فاراتل,"['کارکرده', '۲,۲۰۰,۰۰۰ تومان']","{'قیمت': '۲٬۲۰۰٬۰۰۰ تومان', 'نوع کالا': 'سایر', 'وضعیت': 'کارکرده'}","سلام یک دستگاه اسپلایزر فاراتل 2000 کاملا سالم
چون تو رنگاری استفاده میکردیم روش رنگ ریخته شده ولی کاملا به شرط میدم",https://divar.ir/v/%D8%A7%D8%B3%D9%BE%D9%84%D8%A7%DB%8C%D8%B2%D8%B1-2000-%D9%81%D8%A7%D8%B1%D8%A7%D8%AA%D9%84/QZBbBgAF
اکسیژن ساز پرتابل شارژی قابل حمل اینوژن مداجاره,"['نو', '۵۰۰,۰۰۰ تومان']","{'وضعیت': 'نو', 'مایل به معاوضه': 'نیستم', 'قیمت': '۵۰۰٬۰۰۰ تومان'}","اکسیژن ساز ۵ لیتری پرتابل
قابل حمل
وزن دو کیلو
شارژی 
قابل استفاده در ماشین و هواپیما 


دستگاه اکسیژن ساز ۵ و ۱۰ لیتری
خلوص ۹۵ درصد به بالا
قابل استفاده در منزل

به صورت امانت داده می شود",https://divar.ir/v/%D8%A7%DA%A9%D8%B3%DB%8C%DA%98%D9%86-%D8%B3%D8%A7%D8%B2-%D9%BE%D8%B1%D8%AA%D8%A7%D8%A8%D9%84-%D8%B4%D8%A7%D8%B1%DA%98%DB%8C-%D9%82%D8%A7%D8%A8%D9%84-%D8%AD%D9%85%D9%84-%D8%A7%DB%8C%D9%86%D9%88%DA%98%D9%86-%D9%85%D8%AF%D8%A7%D8%AC%D8%A7%D8%B1%D9%87/AZUjRZ9v
خدمات باربری حمل بار پیروزی هنگام رسالت تهرانپارس شرق,['اسباب کشی و بارب...'],{},,https://divar.ir/services/transport/Hfbfo
۹۵متر/سرمایه‌گذاری/غرق‌نور/سهیل,"['۹,۴۰۰,۰۰۰,۰۰۰ تومان']","{'قیمت کل': '۹٬۴۰۰٬۰۰۰٬۰۰۰ تومان', 'قیمت هر متر': '۹۸٬۹۴۷٬۰۰۰ تومان', 'طبقه': '۲'}","« فرصتی عالی برای سرمایه گذاری و سکونت »
 «« موقعیتی مناسب برای مشارکت در ساخت »»


۹۵ متر ۲ خواب بزرگ و جادار

نقشه یک دست و یک تیکه برای تمام چیدمان ها

سالن پرده خور با نورگیری عالی و قوی

دارای قدرالسهم چشم گیر

لوکیشن دنج ، آرام و اعیان نشین

با دسترسی عالی به مراکز خرید و شاهراها


جهت کسب اطلاعات بیشتر تماس بگیرید
کارشناس و مشاور تخصصی قیطریه
کیانی",https://divar.ir/v/%DB%B9%DB%B5%D9%85%D8%AA%D8%B1-%D8%B3%D8%B1%D9%85%D8%A7%DB%8C%D9%87-%DA%AF%D8%B0%D8%A7%D8%B1%DB%8C-%D8%BA%D8%B1%D9%82-%D9%86%D9%88%D8%B1-%D8%B3%D9%87%DB%8C%D9%84/QZ0G_ayg
لگو کامیون,"['در حد نو', '۳۵۰,۰۰۰ تومان']",{},,https://divar.ir/v/%D9%84%DA%AF%D9%88-%DA%A9%D8%A7%D9%85%DB%8C%D9%88%D9%86/QZBbBfDF
ماست موسیر تک نفره،نوشابه، آبمیوه تک نفره,"['نو', '۱۰۰ تومان']",{},,https://divar.ir/v/%D9%85%D8%A7%D8%B3%D8%AA-%D9%85%D9%88%D8%B3%DB%8C%D8%B1-%D8%AA%DA%A9-%D9%86%D9%81%D8%B1%D9%87-%D9%86%D9%88%D8%B4%D8%A7%D8%A8%D9%87-%D8%A2%D8%A8%D9%85%DB%8C%D9%88%D9%87-%D8%AA%DA%A9-%D9%86%D9%81%D8%B1%D9%87/QZuZub5h
شهرک غرب (خوارزم)۴۱۰ متر با ۱۰۰ متر تراس,"['ودیعه: ۴,۰۰۰,۰۰۰,۰۰۰ تومان', 'اجاره: ۱۲۰,۰۰۰,۰۰۰ تومان']",{'طبقه': '۱'},"کوچه دنج با کیوسک نگهبانی 
پارک اختصاصی 
۱ واح از ۲ واح به صورت کاملا مستقل 

تریبلکس با آسانسور از همکف تا بالا داخل واحد 

سوییت سرایداری 
فول فرنیش بوش 
بالابر غذا 

۱۰۰ متر تراس مربع با دید عبدی به همراه آشپزخانه اختصاصی 

ارتفاع سقف بلند 

توضیحات =تماس",https://divar.ir/v/%D8%B4%D9%87%D8%B1%DA%A9-%D8%BA%D8%B1%D8%A8-%D8%AE%D9%88%D8%A7%D8%B1%D8%B2%D9%85-%DB%B4%DB%B1%DB%B0-%D9%85%D8%AA%D8%B1-%D8%A8%D8%A7-%DB%B1%DB%B0%DB%B0-%D9%85%D8%AA%D8%B1-%D8%AA%D8%B1%D8%A7%D8%B3/QZ5mfNM7
۱۸۵متر سه خواب شخصی ساز تکواحدی فول,"['۲۳,۰۰۰,۰۰۰,۰۰۰ تومان']",{},,https://divar.ir/v/%DB%B1%DB%B8%DB%B5%D9%85%D8%AA%D8%B1-%D8%B3%D9%87-%D8%AE%D9%88%D8%A7%D8%A8-%D8%B4%D8%AE%D8%B5%DB%8C-%D8%B3%D8%A7%D8%B2-%D8%AA%DA%A9%D9%88%D8%A7%D8%AD%D8%AF%DB%8C-%D9%81%D9%88%D9%84/QZBXx9U-
سرویس خواب آریا,"['نو', '۶,۵۰۰,۰۰۰ تومان']","{'وضعیت': 'نو', 'آخرین به\u200cروزرسانی آگهی': 'دقایقی پیش', 'قیمت': '۶٬۵۰۰٬۰۰۰ تومان'}","✨سرویس خواب آریا ✨
_

ملامینه ضد خش 

محصول خاص و منحصر به فرد از صنایع چوبی آریا 

_

شامل‌:

تخت ،میز آرایش و صندلی و دوعدد پاتختی؛کف تخت

قابلیت اضافه و کم کردن لوازم 

امکان بازدید حضوری و غیر حضوری

_

___

با توجه به متریال استفاده شده درساخت تولیدات و همسانی کیفیت با نمونه های مشابه قیمت محصولات به دلایل رقابتی پاینتر از محصولات مشابه می‌باشد 

__

بدون واسطه یعنی حداقل ۳۰% زیر قیمت بازار

__

مستقیم از تولید کننده خرید کنید

___

خرید حضوری و غیر حضوری ارسال به تمام نقاط کشور

__

قیمت پخش",https://divar.ir/v/%D8%B3%D8%B1%D9%88%DB%8C%D8%B3-%D8%AE%D9%88%D8%A7%D8%A8-%D8%A2%D8%B1%DB%8C%D8%A7/QZiSmt9R
لوستر کریستالی شیپوری مدل امازون,"['نو', '۱,۲۵۰,۰۰۰ تومان']","{'جنس بدنه': 'کریستالی', 'وضعیت': 'نو', 'آخرین به\u200cروزرسانی آگهی': 'دقایقی پیش', 'قیمت': '۱٬۲۵۰٬۰۰۰ تومان'}","تخفیف ویژه فروش پایان سال

کارگاه و تولیدی لوستر با سابقه ۲۰سال

♦️تحویل لوستر هر چند عدد و چند شاخه همان لحظه

میدان انقلاب جمال زاده جنوبی روبروی هتل پاسارگاد پ100

ساعت بازدید در طول هفته تا ۱۱شب با هماهنگی قبلی

شاخه ای ۴۹۰ تومان 
امکان اضافه کردن برگ بین شاخه با هزینه بیشتر 

♦️♦️♦️♦️♦️♦️♦️♦️♦️♦️♦️♦️♦️♦️♦️♦️


♦️خرید ارزان : زیرا واسطه نیستیم ،خرید از مرکز پخش 

♦️پخش عمده به مغازده داران در ایران 

♦️فروش تکی به قیمت عمده صورت می گیرد

رمزموفقیت ما قیمت غیر قابل رقابت و صداقت است

♦️لوستر ها با ضمانت کتبی ۲۰ ساله است

امکان نصب شید و لاله به صورت جدا

امکان سفارش ۶ شاخه و ۸ شاخه و ۱۰ شاخه و ۱۲ و ۱۵

امکان خرید مستقیم از کارگاه و دفتر پخش 

امکان بازدید حضوری در طول هفته با هماهنگی قبلی

ساعت کار در روز جمعه ۱۱ تا 23 لطفا 1ساعت قبل از حرکت تماس گرفته شود",https://divar.ir/v/%D9%84%D9%88%D8%B3%D8%AA%D8%B1-%DA%A9%D8%B1%DB%8C%D8%B3%D8%AA%D8%A7%D9%84%DB%8C-%D8%B4%DB%8C%D9%BE%D9%88%D8%B1%DB%8C-%D9%85%D8%AF%D9%84-%D8%A7%D9%85%D8%A7%D8%B2%D9%88%D9%86/QZG-8qkZ
فیگرفود و سینی های مزه,[],{},,https://divar.ir/v/%D9%81%DB%8C%DA%AF%D8%B1%D9%81%D9%88%D8%AF-%D9%88-%D8%B3%DB%8C%D9%86%DB%8C-%D9%87%D8%A7%DB%8C-%D9%85%D8%B2%D9%87/QZBbhJ1Q
از سایز ۲۶تا۳۸ شلوار,"['نو', '۴۸۰,۰۰۰ تومان']","{'زنانه/مردانه': 'زنانه', 'وضعیت': 'نو', 'تولیدکننده': 'خارجی', 'نوع لباس': 'شلوار', 'قیمت': '۴۸۰٬۰۰۰ تومان (مقطوع)'}","کیفیت عالی محصول وارداتی 
شلوار راسته شلوار بگ شلوار دم پا شلوار بودکات
برای ثبت سفارش تماس بگیرین
ارسال برای تمام نقاط ایران
ساعت کاری از ۱۰:۳۰ تا۹ در خدمتیم

توجه:
قیمت کالا مقطوع است و تخفیف ندارد.",https://divar.ir/v/%D8%A7%D8%B2-%D8%B3%D8%A7%DB%8C%D8%B2-%DB%B2%DB%B6%D8%AA%D8%A7%DB%B3%DB%B8-%D8%B4%D9%84%D9%88%D8%A7%D8%B1/QZBXBmXK
دو جفت فرش ۹متری در حد نو تمیز نخ ابریشم,"['نو', '۱۵,۰۰۰,۰۰۰ تومان']","{'بافت': 'دست\u200cباف', 'جنس': 'ابریشم', 'ابعاد': '۲ در ۳ متر', 'وضعیت': 'نو', 'قیمت': '۱۵٬۰۰۰٬۰۰۰ تومان'}","رو جفت فرش گردویی بسیار تمیز در حد نو
نخ ابریشم تراکم ۳۵۰۰ دست بافت گونه ۷۰۰شانه
فوری به دلیل جابه جایی",https://divar.ir/v/%D8%AF%D9%88-%D8%AC%D9%81%D8%AA-%D9%81%D8%B1%D8%B4-%DB%B9%D9%85%D8%AA%D8%B1%DB%8C-%D8%AF%D8%B1-%D8%AD%D8%AF-%D9%86%D9%88-%D8%AA%D9%85%DB%8C%D8%B2-%D9%86%D8%AE-%D8%A7%D8%A8%D8%B1%DB%8C%D8%B4%D9%85/QZBbBcSS
آپارتمان ۷۳ متر، غرق در نور ، تک واحدی,"['۵,۳۲۹,۰۰۰,۰۰۰ تومان']",{},,https://divar.ir/v/%D8%A2%D9%BE%D8%A7%D8%B1%D8%AA%D9%85%D8%A7%D9%86-%DB%B7%DB%B3-%D9%85%D8%AA%D8%B1-%D8%BA%D8%B1%D9%82-%D8%AF%D8%B1-%D9%86%D9%88%D8%B1-%D8%AA%DA%A9-%D9%88%D8%A7%D8%AD%D8%AF%DB%8C/QZny6SDL
برزیلی ۴ ماهه طوطی,"['۵۰۰,۰۰۰ تومان']",{},,https://divar.ir/v/%D8%A8%D8%B1%D8%B2%DB%8C%D9%84%DB%8C-%DB%B4-%D9%85%D8%A7%D9%87%D9%87-%D8%B7%D9%88%D8%B7%DB%8C/QZBbxARV
ساعت TISSOT تیسوت اتوماتیک مردانه نبضی بندچرمی,"['نو', '۱,۷۵۰,۰۰۰ تومان']",{},,https://divar.ir/v/%D8%B3%D8%A7%D8%B9%D8%AA-tissot-%D8%AA%DB%8C%D8%B3%D9%88%D8%AA-%D8%A7%D8%AA%D9%88%D9%85%D8%A7%D8%AA%DB%8C%DA%A9-%D9%85%D8%B1%D8%AF%D8%A7%D9%86%D9%87-%D9%86%D8%A8%D8%B6%DB%8C-%D8%A8%D9%86%D8%AF%DA%86%D8%B1%D9%85%DB%8C/QZ3I-0rK
سراتو اپشنال ٩٦,"['۳۲,۰۰۰ کیلومتر', '۱,۸۶۰,۰۰۰,۰۰۰ تومان']","{'نوع آگهی': 'فروشی', 'وضعیت موتور': 'سالم', 'وضعیت شاسی\u200cها': 'سالم و پلمپ', 'وضعیت بدنه': 'سالم و بی\u200cخط و خش', 'مهلت بیمهٔ شخص ثالث': '۱۲ ماه', 'گیربکس': 'اتوماتیک', 'قیمت پایه': '۱٬۸۶۰٬۰۰۰٬۰۰۰ تومان'}",خودرو فول کامل،سند از کمپانی دست اول،در حد صفر،بدون خط و خش،به شرط کارشناسی,https://divar.ir/v/%D8%B3%D8%B1%D8%A7%D8%AA%D9%88-%D8%A7%D9%BE%D8%B4%D9%86%D8%A7%D9%84-%D9%A9%D9%A6/QZ5OfDMY
۸۰متر/بمب سرمایه گذاری/پونک(عدل),"['۷,۵۰۰,۰۰۰,۰۰۰ تومان']","{'قیمت کل': '۷٬۵۰۰٬۰۰۰٬۰۰۰ تومان', 'قیمت هر متر': '۹۳٬۷۵۰٬۰۰۰ تومان', 'طبقه': '۲'}","فرصتی طلایی/خرید شب عید

فروش فوری/بدون مشابه قیمتی

بایک تماس خریدار خوش شانس ماباشید

بهترین نقشه منطقه۵/بدون یک سانت پرتی

بهترین نورگیر/غرق درنو مستقیم

فول امکانات/بالکن قابل چیدمان

مشاعات چشم نواز/طبقه خوب

لوکیشن قوی/دسترسی عالی

کارشناس قدیمی منطقه/رئیسی

کسب اطلاعات بشتر تماس حاصل فرمایید",https://divar.ir/v/%DB%B8%DB%B0%D9%85%D8%AA%D8%B1-%D8%A8%D9%85%D8%A8-%D8%B3%D8%B1%D9%85%D8%A7%DB%8C%D9%87-%DA%AF%D8%B0%D8%A7%D8%B1%DB%8C-%D9%BE%D9%88%D9%86%DA%A9-%D8%B9%D8%AF%D9%84/QZBbBRqF
ساعت اصل کاسیو,"['نو', '۳,۲۰۰,۰۰۰ تومان']",{},,https://divar.ir/v/%D8%B3%D8%A7%D8%B9%D8%AA-%D8%A7%D8%B5%D9%84-%DA%A9%D8%A7%D8%B3%DB%8C%D9%88/QZBbxaqX
چری تیگو 5 لاکچری FLاسپرت، مدل ۱۳۹۶,"['۱۱۰,۰۰۰ کیلومتر', '۹۱۲,۰۰۰,۰۰۰ تومان']",{},,https://divar.ir/v/%DA%86%D8%B1%DB%8C-%D8%AA%DB%8C%DA%AF%D9%88-5-%D9%84%D8%A7%DA%A9%DA%86%D8%B1%DB%8C-fl%D8%A7%D8%B3%D9%BE%D8%B1%D8%AA-%D9%85%D8%AF%D9%84-%DB%B1%DB%B3%DB%B9%DB%B6/QZBbRJAx
نمک دریایی,"['۵۰,۰۰۰ تومان']",{},,https://divar.ir/v/%D9%86%D9%85%DA%A9-%D8%AF%D8%B1%DB%8C%D8%A7%DB%8C%DB%8C/QZBbBbKK
پراید صندوق‌دار بنزینی، مدل ۱۳۸۸,"['۳۰۰,۰۰۰ کیلومتر', '۱۵۵,۰۰۰,۰۰۰ تومان']",{},,https://divar.ir/v/%D9%BE%D8%B1%D8%A7%DB%8C%D8%AF-%D8%B5%D9%86%D8%AF%D9%88%D9%82-%D8%AF%D8%A7%D8%B1-%D8%A8%D9%86%D8%B2%DB%8C%D9%86%DB%8C-%D9%85%D8%AF%D9%84-%DB%B1%DB%B3%DB%B8%DB%B8/QZBbhaFM
کیس چهار هسته و گرافیک DDR5,"['کارکرده', '۳,۸۰۰,۰۰۰ تومان']","{'وضعیت': 'کارکرده', 'مایل به معاوضه': 'نیستم', 'قیمت': '۳٬۸۰۰٬۰۰۰ تومان'}","سلام کیس کامپیوتر سالم و سلامت و پر قدرت با بازی های جی تی ای وی. کالاف. بترفیلد. .......
مشخصات تو عکس هست بازم مینویسم 
مادربرد ایسوز 
سی پی یو چهار هسته 
رام 6 گیگ 
هارد 500 گیگ 
گرافیک gts 240 ddr5
پاور ایسوز 
کیس گرین پلاس
ویندز 10 پرو",https://divar.ir/v/%DA%A9%DB%8C%D8%B3-%DA%86%D9%87%D8%A7%D8%B1-%D9%87%D8%B3%D8%AA%D9%87-%D9%88-%DA%AF%D8%B1%D8%A7%D9%81%DB%8C%DA%A9-ddr5/QZBbxZW7
خریدار تخته بنایی بالابر سنگبری بتونیر موتوربرق,"['کارکرده', '۱۶,۰۰۰,۰۰۰ تومان']","{'وضعیت': 'کارکرده', 'قیمت': '۱۶٬۰۰۰٬۰۰۰ تومان'}","خریدار کلیه لوازم ساختمانی

خریدار تخته بنایی بالابر میکسر سنگبری کمپکتور کاتر 

موتور برق دستگاه جوش لوله داربست آره صابونی 

پروفیل بر کارواش قیچی دستگاه جوش دریل ستونی 

پمپ باد و ضایعات آهن و غیره.....

خرید به صورت توافقی در همه مناطق",https://divar.ir/v/%D8%AE%D8%B1%DB%8C%D8%AF%D8%A7%D8%B1-%D8%AA%D8%AE%D8%AA%D9%87-%D8%A8%D9%86%D8%A7%DB%8C%DB%8C-%D8%A8%D8%A7%D9%84%D8%A7%D8%A8%D8%B1-%D8%B3%D9%86%DA%AF%D8%A8%D8%B1%DB%8C-%D8%A8%D8%AA%D9%88%D9%86%DB%8C%D8%B1-%D9%85%D9%88%D8%AA%D9%88%D8%B1%D8%A8%D8%B1%D9%82/QZklrRIm
دستگاه لیزر مو توان خروجی ۱۶۰۰ وات ۱۸۰۰ وات,"['نو', '۴۰۰,۰۰۰,۰۰۰ تومان']","{'وضعیت': 'نو', 'آخرین به\u200cروزرسانی آگهی': 'دقایقی پیش', 'قیمت': '۴۰۰٬۰۰۰٬۰۰۰ تومان'}","♦️انواع دستگاه های لیزر مو زائد
تیتانیوم سه طول موج 
تیتانیوم چهارطول موج پلاس
✅هایفو
✅کیوسوییچ
✅ارسال رایگان
✅آموزش رایگان
✅اقساط بلند مدت
✅خدمات پس از فروش
✅گارانتی تعویض قطعه 
مشاوره و تجهیز کلینیک شما 
با کارشناسان ما در ارتباط باشید",https://divar.ir/v/%D8%AF%D8%B3%D8%AA%DA%AF%D8%A7%D9%87-%D9%84%DB%8C%D8%B2%D8%B1-%D9%85%D9%88-%D8%AA%D9%88%D8%A7%D9%86-%D8%AE%D8%B1%D9%88%D8%AC%DB%8C-%DB%B1%DB%B6%DB%B0%DB%B0-%D9%88%D8%A7%D8%AA-%DB%B1%DB%B8%DB%B0%DB%B0-%D9%88%D8%A7%D8%AA/gY2-tjQi
ساعت دیواری چوبی walther,"['کارکرده', '۴,۵۰۰,۰۰۰ تومان']","{'وضعیت': 'کارکرده', 'مایل به معاوضه': 'نیستم', 'قیمت': '۴٬۵۰۰٬۰۰۰ تومان'}","با سلام
ساعت دیواری والتر walther
چوبی و در حد نو
با تشکر",https://divar.ir/v/%D8%B3%D8%A7%D8%B9%D8%AA-%D8%AF%DB%8C%D9%88%D8%A7%D8%B1%DB%8C-%DA%86%D9%88%D8%A8%DB%8C-walther/QZBbRAkF
نورد,"['نو', '۵,۰۰۰,۰۰۰ تومان']","{'وضعیت': 'نو', 'قیمت': '۵٬۰۰۰٬۰۰۰ تومان'}","دستگاه نورد n130_1000 به نری 
تا سایز تیرآهن 20به سمت نری 
پروفیل 160در 260میلی متر 
لوله تا سایز 6",https://divar.ir/v/%D9%86%D9%88%D8%B1%D8%AF/QZD1jnH1
در حدنو بدون هیچ خط وخشی,"['در حد نو', '۲,۰۰۰,۰۰۰ تومان']","{'وضعیت': 'در حد نو', 'مایل به معاوضه': 'نیستم', 'قیمت': '۲٬۰۰۰٬۰۰۰ تومان'}",سالم سالم در حد نو,https://divar.ir/v/%D8%AF%D8%B1-%D8%AD%D8%AF%D9%86%D9%88-%D8%A8%D8%AF%D9%88%D9%86-%D9%87%DB%8C%DA%86-%D8%AE%D8%B7-%D9%88%D8%AE%D8%B4%DB%8C/QZBbRaWH
سفارش عروسک دستدوز,"['نو', '۲۱۷,۰۰۰ تومان']","{'وضعیت': 'نو', 'مایل به معاوضه': 'نیستم', 'قیمت': '۲۱۷٬۰۰۰ تومان'}","سفارش انواع عروسک دستدوز گلدوزی شده
پذیرفته می شود، 
عروسک ها همگی دستدوز با پارچه ی لنین هستن
هر مدل خواستید آماده میکنم
گلدوز اول اسم روی عروسک یا هر چیزی که دوست دارید پذیرفته 
این قیمت تک فروشی هست
عمده کمتره",https://divar.ir/v/%D8%B3%D9%81%D8%A7%D8%B1%D8%B4-%D8%B9%D8%B1%D9%88%D8%B3%DA%A9-%D8%AF%D8%B3%D8%AA%D8%AF%D9%88%D8%B2/QZBXBnw1
کت وشلوار جلیقه همراه کفش بچه گانه کاملانوباتخ,"['نو', '۸۰۰,۰۰۰ تومان']",{},,https://divar.ir/v/%DA%A9%D8%AA-%D9%88%D8%B4%D9%84%D9%88%D8%A7%D8%B1-%D8%AC%D9%84%DB%8C%D9%82%D9%87-%D9%87%D9%85%D8%B1%D8%A7%D9%87-%DA%A9%D9%81%D8%B4-%D8%A8%DA%86%D9%87-%DA%AF%D8%A7%D9%86%D9%87-%DA%A9%D8%A7%D9%85%D9%84%D8%A7%D9%86%D9%88%D8%A8%D8%A7%D8%AA%D8%AE/QZBbxY0b
آجودانیه ۱۲۵ متر/مدرن/نوساز/دید/تراس,"['۳۱,۲۵۰,۰۰۰,۰۰۰ تومان']",{},,https://divar.ir/v/%D8%A2%D8%AC%D9%88%D8%AF%D8%A7%D9%86%DB%8C%D9%87-%DB%B1%DB%B2%DB%B5-%D9%85%D8%AA%D8%B1-%D9%85%D8%AF%D8%B1%D9%86-%D9%86%D9%88%D8%B3%D8%A7%D8%B2-%D8%AF%DB%8C%D8%AF-%D8%AA%D8%B1%D8%A7%D8%B3/QZ2a1xaU
مغازه,"['ودیعه: ۲۰۰,۰۰۰,۰۰۰ تومان', 'اجاره: ۲۰,۰۰۰,۰۰۰ تومان']","{'ودیعه': '۲۰۰٬۰۰۰٬۰۰۰ تومان', 'اجارهٔ ماهانه': '۲۰٬۰۰۰٬۰۰۰ تومان', 'ودیعه و اجاره': 'غیر قابل تبدیل'}","اجاره یک واحد مغازه ۲۲ متری در طبقه همکف پاساژ روتانو تهرانپارس غربی
واقع در رسالت بین باقری و رشید
پارکینگ عمومی
سرویس عمومی
کلید نخورده و اماده
طبقه همکف",https://divar.ir/v/%D9%85%D8%BA%D8%A7%D8%B2%D9%87/QZBbxX2T
